11	a	0002	沓形	クツガタ	45.178333333333335	141.13833333333332	14
11	a	0003	浜頓別	ハマトンベツ	45.125	142.35	18
11	a	0005	歌登	ウタノボリ	44.84166666666667	142.48	14
12	a	0006	美深	ビフカ	44.48	142.34166666666667	77
12	a	0007	ピヤシリ山	ピヤシリヤマ	44.435	142.58166666666668	980
12	a	0008	名寄	ナヨロ	44.37	142.45666666666668	89
12	a	0009	西風連	ニシフウレン	44.295	142.35833333333332	128
12	a	0010	下川	シモカワ	44.30166666666667	142.62333333333333	140
12	a	0011	士別	シベツ	44.18666666666667	142.41666666666666	135
12	a	0012	犬牛別峠	イヌウシベツトウゲ	44.07	142.27	410
12	a	0013	雄鷹峰	オタカミネ	43.95333333333333	142.32	305
12	a	0014	蓬莱山	ホウライザン	43.913333333333334	142.58333333333334	320
12	a	0015	上川	カミカワ	43.846666666666664	142.75333333333333	324
12	a	0017	瑞穂	ミズホ	43.736666666666665	142.63833333333332	289
12	a	0018	終沢	オワリザワ	43.63	142.335	550
12	a	0019	旭岳	アサヒダケ	43.66166666666667	142.82666666666665	1620
12	a	0020	白金	シロガネ	43.475	142.65	658
12	a	0021	富良野	フラノ	43.333333333333336	142.4	174
12	a	0022	前富良野岳	マエフラノダケ	43.376666666666665	142.56833333333333	746
12	a	0023	前時雨山	マエシグレヤマ	43.185	142.34666666666666	380
13	a	0024	天塩	テシオ	44.89333333333333	141.76166666666666	9
13	a	0025	遠別	エンベツ	44.718333333333334	141.80666666666667	7
13	a	0028	増毛	マシケ	43.848333333333336	141.51	20
14	a	0029	阿曽岩	アソイワ	43.30166666666667	141.51333333333332	320
14	a	0030	新篠津	シンシノツ	43.22	141.645	9
14	a	0031	山口	ヤマグチ	43.14833333333333	141.22166666666666	5
14	a	0032	手稲山	テイネヤマ	43.083333333333336	141.20166666666665	568
14	a	0034	小金湯	コガネユ	42.96333333333333	141.21666666666667	230
14	a	0035	恵庭島松	エニワシママツ	42.92666666666667	141.565	30
14	a	0036	島松山	シママツヤマ	42.895	141.41333333333333	400
14	a	0037	支笏湖畔	シコツコハン	42.77166666666667	141.40666666666667	290
15	a	0038	石狩沼田	イシカリヌマタ	43.815	141.92666666666668	63
15	a	0039	深川	フカガワ	43.718333333333334	142.07333333333332	55
15	a	0040	常盤山	トキワヤマ	43.76	142.20166666666665	560
15	a	0041	滝川	タキカワ	43.57	141.93833333333333	50
15	a	0042	神威岳	カモイダケ	43.51833333333333	142.005	455
15	a	0043	芦別	アシベツ	43.516666666666666	142.19	90
15	a	0044	美唄	ビバイ	43.36333333333334	141.82666666666665	16
15	a	0046	下桂沢	シモカツラザワ	43.25666666666667	141.96833333333333	265
15	a	0047	長沼	ナガヌマ	43.01166666666666	141.69333333333333	13
15	a	0048	丁未山	テイミヤマ	43.08166666666666	141.95666666666668	663
15	a	0049	夕張	ユウバリ	43.038333333333334	141.95666666666668	293
15	a	0050	登川山	ノボリカワヤマ	42.92333333333333	142.095	365
16	a	0051	美国	ビクニ	43.27166666666667	140.56333333333333	75
16	a	0052	余市	ヨイチ	43.181666666666665	140.75833333333333	20
16	a	0054	共和	キョウワ	42.98	140.60333333333332	15
16	a	0055	蘭越	ランコシ	42.81	140.54166666666666	39
16	a	0057	脇方台地	ワキカタダイチ	42.876666666666665	140.945	525
16	a	0059	桂台	カツラダイ	42.751666666666665	140.61833333333334	333
16	a	0060	喜茂別	キモベツ	42.79333333333334	140.94833333333332	264
16	a	0061	黒松内	クロマツナイ	42.663333333333334	140.31	27
17	a	0063	興部	オコッペ	44.47	143.10833333333332	8
17	a	0065	湧別	ユウベツ	44.21333333333333	143.61833333333334	5
17	a	0066	滝上	タキノウエ	44.17666666666667	143.06166666666667	165
17	a	0067	上藻別	カミモベツ	44.18833333333333	143.33666666666667	85
17	a	0068	常呂	トコロ	44.115	144.03666666666666	3
17	a	0069	遠軽	エンガル	44.053333333333335	143.54	80
17	a	0070	佐呂間	サロマ	44.01833333333333	143.76	54
17	a	0072	生田原	イクタハラ	43.916666666666664	143.53166666666667	199
17	a	0073	仁頃山	ニコロヤマ	43.86	143.74666666666667	261
17	a	0074	北見	キタミ	43.776666666666664	143.84166666666667	104
17	a	0075	小清水	コシミズ	43.84166666666667	144.485	52
17	a	0076	斜里	シャリ	43.885	144.7	15
17	a	0077	留辺蘂	ルベシベ	43.74166666666667	143.45	325
17	a	0078	留辺蘂山	ルベシベヤマ	43.75833333333333	143.60333333333332	470
17	a	0079	美幌	ビホロ	43.77	144.17166666666665	60
17	a	0080	藻琴山	モコトヤマ	43.72666666666667	144.29666666666665	518
17	a	0081	チミケップ山	チミケップヤマ	43.645	143.89	600
17	a	0082	津別	ツベツ	43.70166666666667	144.03333333333333	100
17	a	0083	北見中山	キタミナカヤマ	43.598333333333336	143.46	905
18	a	0084	羅臼	ラウス	44.02333333333333	145.18666666666667	15
18	a	0085	標津	シベツ	43.66166666666667	145.13166666666666	3
18	a	0086	中標津	ナカシベツ	43.54333333333334	144.97833333333332	50
18	a	0087	計根別	ケネベツ	43.485	144.80833333333334	110
18	a	0088	別海	ベツカイ	43.38166666666667	145.11833333333334	23
19	a	0090	川湯	カワユ	43.61666666666667	144.45666666666668	158
19	a	0091	阿寒湖畔	アカンコハン	43.43666666666667	144.085	450
19	a	0092	弟子屈	テシカガ	43.47833333333333	144.44666666666666	107
19	a	0093	標茶	シベチャ	43.291666666666664	144.58666666666667	20
19	a	0094	幌呂台地	ホロロダイチ	43.278333333333336	144.22666666666666	225
19	a	0095	中徹別	ナカテシベツ	43.19833333333333	144.14166666666668	80
19	a	0096	阿寒	アカン	43.11333333333334	144.12333333333333	40
19	a	0097	霧多布	キリタップ	43.07666666666667	145.12833333333333	2
19	a	0098	白糠	シラヌカ	42.97	144.06166666666667	9
20	a	0100	軍艦山	グンカンヤマ	43.47833333333333	143.12666666666667	900
20	a	0101	陸別	リクベツ	43.468333333333334	143.73833333333334	207
20	a	0102	殖産高地	ショクサンコウチ	43.435	143.695	419
20	a	0103	ぬかびら源泉郷	ヌカビラゲンセンキョウ	43.36666666666667	143.19166666666666	540
20	a	0104	小坂山	コサカヤマ	43.39666666666667	143.48333333333332	740
20	a	0105	上足寄	カミアショロ	43.35666666666667	143.80166666666668	384
20	a	0106	西ヌプカウシ山	ニシヌプカウシヤマ	43.24166666666667	143.07	760
20	a	0107	上士幌	カミシホロ	43.235	143.30333333333334	295
20	a	0108	幌安山	ホロヤスヤマ	43.248333333333335	143.445	440
20	a	0109	足寄	アショロ	43.24333333333333	143.55333333333334	90
20	a	0110	佐幌岳	サホロダケ	43.175	142.785	900
20	a	0111	三角山	サンカクヤマ	43.196666666666665	142.96833333333333	560
20	a	0112	本別	ホンベツ	43.13166666666667	143.6	67
20	a	0113	新得	シントク	43.07666666666667	142.84	178
20	a	0114	鹿追	シカオイ	43.10333333333333	142.995	206
20	a	0115	芽室	メムロ	42.9	143.04333333333332	90
20	a	0117	池田	イケダ	42.92	143.45833333333334	42
20	a	0118	浦幌	ウラホロ	42.80833333333333	143.65666666666667	20
20	a	0119	帯広岳	オビヒロダケ	42.74666666666667	142.93333333333334	440
20	a	0120	ひょうたん沢	ヒョウタンザワ	42.596666666666664	143.06333333333333	380
20	a	0121	大樹	タイキ	42.5	143.27333333333334	87
21	a	0123	安平	アビラ	42.81333333333333	141.82833333333335	32
21	a	0124	厚真	アツマ	42.73	141.88833333333332	20
21	a	0125	穂別	ホベツ	42.76166666666667	142.14333333333335	56
21	a	0126	森野	モリノ	42.63	141.24666666666667	170
21	a	0128	大岸	オオキシ	42.59	140.64333333333335	4
21	a	0129	有珠山	ウスサン	42.531666666666666	140.85333333333332	281
21	a	0130	白老	シラオイ	42.54333333333334	141.35166666666666	6
21	a	0131	鵡川	ムカワ	42.59	141.93333333333334	10
21	a	0132	伊達	ダテ	42.475	140.84833333333333	3
21	a	0133	登別山	ノボリベツヤマ	42.5	141.12166666666667	579
21	a	0134	登別	ノボリベツ	42.458333333333336	141.11833333333334	197
22	a	0136	日高門別	ヒダカモンベツ	42.49666666666667	142.05333333333334	47
22	a	0137	新和	シンワ	42.54333333333334	142.33333333333334	60
22	a	0138	ヌモトル山	ヌモトルヤマ	42.6	142.395	613
22	a	0139	笹山	ササヤマ	42.43333333333333	142.48166666666665	110
22	a	0140	静内	シズナイ	42.343333333333334	142.36166666666668	10
22	a	0141	ピセナイ山	ピセナイヤマ	42.355	142.65833333333333	500
23	a	0143	長万部	オシャマンベ	42.52333333333333	140.38166666666666	10
23	a	0144	八雲	ヤクモ	42.251666666666665	140.27166666666668	8
23	a	0145	森	モリ	42.06666666666667	140.58833333333334	125
23	a	0146	大沼	オオヌマ	41.97666666666667	140.715	165
23	a	0147	川汲	カックミ	41.905	140.97	25
23	a	0148	北斗	ホクト	41.88666666666667	140.65333333333334	25
23	a	0150	汐首	シオクビ	41.718333333333334	140.945	26
23	a	0151	小谷石	コタニイシ	41.54333333333334	140.43	125
23	a	0152	松前	マツマエ	41.42333333333333	140.08666666666667	30
24	a	0153	せたな	セタナ	42.45	139.85166666666666	10
24	a	0154	今金	イマカネ	42.428333333333335	140.00833333333333	19
23	a	0155	熊石	クマイシ	42.12833333333333	139.985	12
24	a	0156	潮見	シオミ	42.038333333333334	140.08833333333334	50
31	a	0158	障子山	ショウジヤマ	41.276666666666664	141.09666666666666	740
31	a	0160	蟹田	カニタ	41.045	140.63333333333333	5
31	a	0162	野辺地	ノヘジ	40.885	141.16	14
31	a	0163	鰺ケ沢	アジガサワ	40.776666666666664	140.205	40
31	a	0164	五所川原	ゴショガワラ	40.80833333333333	140.45833333333334	9
31	a	0166	弘前	ヒロサキ	40.611666666666665	140.455	30
31	a	0167	黒石	クロイシ	40.666666666666664	140.585	30
31	a	0168	八甲田山	ハッコウダサン	40.675	140.85833333333332	1310
31	a	0169	三沢	ミサワ	40.675	141.375	39
31	a	0170	四兵衛森	シヘイモリ	40.55166666666667	140.20666666666668	645
31	a	0171	毛無山	ケナシヤマ	40.55166666666667	140.75333333333333	940
31	a	0172	十和田	トワダ	40.595	141.24666666666667	42
31	a	0174	大鰐	オオワニ	40.53	140.555	63
31	a	0175	碇ケ関	イカリガセキ	40.48166666666667	140.62	135
31	a	0176	空岱山	ソラダイヤマ	40.43833333333333	140.70833333333334	585
31	a	0177	休屋	ヤスミヤ	40.42666666666667	140.89833333333334	414
31	a	0178	朝日奈岳	アサヒナダケ	40.325	141.04833333333335	710
31	a	0179	三戸	サンノヘ	40.38333333333333	141.25666666666666	60
32	a	0180	田代岳	タシロダケ	40.41166666666667	140.4	800
32	a	0181	陣場	ジンバ	40.403333333333336	140.60833333333332	176
32	a	0182	杉沢山	スギサワヤマ	40.365	140.81	670
32	a	0183	能代	ノシロ	40.19833333333333	140.03166666666667	6
32	a	0184	鷹巣	タカノス	40.22666666666667	140.37166666666667	29
32	a	0185	鹿角	カヅノ	40.215	140.78666666666666	123
32	a	0186	湯瀬	ユゼ	40.12	140.84	214
32	a	0187	森吉山	モリヨシヤマ	40.005	140.51833333333335	800
32	a	0188	五城目	ゴジョウメ	39.93833333333333	140.115	6
32	a	0189	男鹿本山	オガホンザン	39.891666666666666	139.76666666666668	440
32	a	0191	太平山	タイヘイザン	39.78333333333333	140.25	600
32	a	0192	岩見三内	イワミサンナイ	39.70666666666666	140.28666666666666	41
32	a	0193	角館	カクノダテ	39.60333333333333	140.55666666666667	56
32	a	0194	田沢湖	タザワコ	39.69833333333333	140.73166666666665	230
32	a	0195	大曲	オオマガリ	39.49	140.495	30
32	a	0196	本荘	ホンジョウ	39.36	140.055	11
32	a	0197	保呂羽山	ホロハヤマ	39.36833333333333	140.31666666666666	340
32	a	0198	横手	ヨコテ	39.32	140.555	59
32	a	0199	にかほ	ニカホ	39.255	139.91333333333333	7
32	a	0200	矢島	ヤシマ	39.235	140.13666666666666	46
32	a	0201	三森山	ミツモリヤマ	39.221666666666664	140.71666666666667	570
32	a	0202	湯沢	ユザワ	39.18666666666667	140.46333333333334	74
32	a	0203	姥井戸山	ウバイドヤマ	39.093333333333334	140.335	690
32	a	0204	湯の岱	ユノタイ	38.96	140.52833333333334	335
33	a	0205	種市	タネイチ	40.403333333333336	141.7	70
33	a	0206	軽米	カルマイ	40.31666666666667	141.47333333333333	153
33	a	0207	二戸	ニノヘ	40.29833333333333	141.29833333333335	87
33	a	0208	折爪岳	オリヅメダケ	40.263333333333335	141.375	844
33	a	0209	久慈	クジ	40.16833333333334	141.74833333333333	13
33	a	0210	西岳	ニシダケ	40.083333333333336	141.17333333333335	1008
33	a	0211	葛巻	クズマキ	40.038333333333334	141.43666666666667	390
33	a	0212	袖山	ソデヤマ	40.025	141.525	1144
33	a	0213	茶臼岳	チャウスダケ	39.945	140.905	1443
33	a	0214	岩手松尾	イワテマツオ	39.95166666666667	141.065	275
33	a	0215	岩手山	イワテヤマ	39.84	140.95	1403
33	a	0216	岩洞	ガンドウ	39.825	141.375	678
33	a	0217	大森山	オオモリヤマ	39.818333333333335	141.52	1073
33	a	0218	岩泉	イワイズミ	39.846666666666664	141.795	105
33	a	0219	駒ケ岳	コマガタケ	39.733333333333334	140.79166666666666	1003
33	a	0220	害鷹森	ガイタカモリ	39.708333333333336	141.60333333333332	1278
33	a	0221	雫石	シズクイシ	39.696666666666665	140.975	195
33	a	0224	薬師岳	ヤクシダケ	39.528333333333336	141.49666666666667	1604
33	a	0225	黒森山	クロモリヤマ	39.495	140.79166666666666	644
33	a	0226	豊沢	トヨサワ	39.48	140.96833333333333	300
33	a	0227	花巻	ハナマキ	39.428333333333335	141.135	90
33	a	0228	大迫	オオハサマ	39.47	141.27833333333334	150
33	a	0229	湯田	ユダ	39.31	140.77666666666667	250
33	a	0230	北上	キタカミ	39.288333333333334	141.11	61
33	a	0231	遠野	トオノ	39.33833333333333	141.54333333333332	275
33	a	0232	五葉山	ゴヨウサン	39.17666666666667	141.66166666666666	560
33	a	0233	釜石	カマイシ	39.27	141.87833333333333	5
33	a	0234	岳山	ダケヤマ	39.13333333333333	140.87666666666667	973
33	a	0235	若柳	ワカヤナギ	39.13166666666667	141.06333333333333	100
33	a	0236	江刺	エサシ	39.18333333333333	141.16166666666666	42
33	a	0238	一関	イチノセキ	38.93333333333333	141.125	32
33	a	0239	千厩	センマヤ	38.92166666666667	141.33	120
33	a	0240	室根山	ムロネヤマ	38.97	141.45	883
34	a	0241	栗駒山	クリコマヤマ	38.945	140.80333333333334	1100
34	a	0242	気仙沼	ケセンヌマ	38.906666666666666	141.55666666666667	62
34	a	0243	川渡	カワタビ	38.74333333333333	140.76	170
34	a	0244	築館	ツキダテ	38.735	141.005	25
34	a	0245	箕輪山	ミノワヤマ	38.663333333333334	140.64	680
34	a	0246	志津川	シヅガワ	38.681666666666665	141.44833333333332	39
34	a	0247	古川	フルカワ	38.598333333333336	140.91166666666666	28
34	a	0248	大衡	オオヒラ	38.473333333333336	140.88833333333332	57
34	a	0249	鹿島台	カシマダイ	38.46	141.09166666666667	3
34	a	0251	新川	ニッカワ	38.303333333333335	140.63666666666666	265
34	a	0252	鷹巣山	タカノスヤマ	38.263333333333335	140.59166666666667	705
34	a	0254	川崎	カワサキ	38.178333333333335	140.635	200
34	a	0255	不忘山	フボウヤマ	38.071666666666665	140.50166666666667	1050
34	a	0256	白石	シロイシ	38.015	140.61166666666668	86
34	a	0257	亘理	ワタリ	38.025	140.85833333333332	4
35	a	0258	鳥海山	チョウカイサン	39.06666666666667	140.03666666666666	1199
35	a	0260	差首鍋	サスナベ	38.91833333333334	140.2	88
35	a	0261	太平山	タイヘイザン	38.901666666666664	140.385	509
35	a	0262	金山	カネヤマ	38.87833333333333	140.33166666666668	170
35	a	0263	鶴岡	ツルオカ	38.735	139.82833333333335	16
35	a	0264	狩川	カリカワ	38.8	139.97333333333333	17
35	a	0266	瀬見	セミ	38.755	140.41333333333333	150
35	a	0267	温海岳	アツミダケ	38.62833333333333	139.63	620
35	a	0268	櫛引	クシビキ	38.67166666666667	139.84833333333333	33
35	a	0269	月山	ガッサン	38.498333333333335	140.10166666666666	770
35	a	0270	銀山	ギンザン	38.56166666666667	140.52666666666667	440
35	a	0271	楯岡	タテオカ	38.473333333333336	140.39833333333334	118
35	a	0272	左沢	アテラザワ	38.37	140.19166666666666	133
35	a	0274	葉山	ハヤマ	38.16166666666667	139.98166666666665	970
35	a	0275	長井	ナガイ	38.105	140.015	210
35	a	0276	蔵王山	ザオウサン	38.156666666666666	140.43333333333334	1660
35	a	0277	小国	オグニ	38.07833333333333	139.735	140
35	a	0278	高峰	タカミネ	37.998333333333335	139.95666666666668	250
35	a	0279	米沢	ヨネザワ	37.91166666666667	140.14333333333335	245
35	a	0280	西吾妻山	ニシアヅマヤマ	37.766666666666666	140.13833333333332	1530
36	a	0281	梁川	ヤナガワ	37.85166666666667	140.58833333333334	43
36	a	0282	稲荷峠	イナリトウゲ	37.75666666666667	139.735	800
36	a	0283	吾妻山	アヅマヤマ	37.721666666666664	140.275	1300
36	a	0285	相馬	ソウマ	37.78333333333333	140.925	9
36	a	0286	喜多方	キタカタ	37.65833333333333	139.86333333333334	212
36	a	0287	八木沢	ヤギサワ	37.696666666666665	140.82	540
36	a	0288	原町	ハラマチ	37.638333333333335	140.98333333333332	17
36	a	0289	飯谷山	イイタニヤマ	37.526666666666664	139.68333333333334	720
36	a	0290	猪苗代	イナワシロ	37.55166666666667	140.10833333333332	519
36	a	0291	二本松	ニホンマツ	37.583333333333336	140.43	235
36	a	0292	白馬石山	シラウマイシヤマ	37.58	140.725	640
36	a	0294	船引	フネヒキ	37.435	140.57666666666665	421
36	a	0295	浪江	ナミエ	37.49166666666667	140.965	47
36	a	0296	浅草岳	アサクサダケ	37.343333333333334	139.23666666666668	1520
36	a	0297	只見	タダミ	37.343333333333334	139.31333333333333	377
36	a	0298	博士峠	ハカセトウゲ	37.34	139.72333333333333	1233
36	a	0299	郡山	コオリヤマ	37.36833333333333	140.33	249
36	a	0300	富岡	トミオカ	37.346666666666664	141.01666666666668	50
36	a	0301	南郷	ナンゴウ	37.265	139.53666666666666	494
36	a	0302	駒止峠	コマドメトウゲ	37.21	139.61333333333334	1145
36	a	0303	田島	タジマ	37.20666666666666	139.795	544
36	a	0304	小野新町	オノニイマチ	37.28666666666667	140.625	433
36	a	0305	観音山	カンノンヤマ	37.18333333333333	139.925	1050
36	a	0307	石川	イシカワ	37.14666666666667	140.46	290
36	a	0308	山王峠	サンノウトウゲ	37.068333333333335	139.73166666666665	1080
36	a	0309	大辷山	オオツベヤマ	37.08	140.63666666666666	688
36	a	0310	平	タイラ	37.065	140.87666666666667	12
36	a	0311	田代山	タシロヤマ	36.98	139.48166666666665	1920
36	a	0312	東白川	ヒガシシラカワ	36.93833333333333	140.40833333333333	183
40	a	0314	花園	ハナゾノ	36.86833333333333	140.63666666666666	370
40	a	0315	北茨城	キタイバラキ	36.833333333333336	140.77166666666668	5
40	a	0316	大子	ダイゴ	36.778333333333336	140.345	120
40	a	0317	神峰山	カミネサン	36.63333333333333	140.60833333333332	592
40	a	0318	笠間	カサマ	36.395	140.24	72
40	a	0320	古河	コガ	36.20166666666667	139.71666666666667	20
40	a	0321	愛宕山	アタゴサン	36.29	140.255	280
40	a	0322	下妻	シモツマ	36.16833333333334	139.945	20
40	a	0323	坂東	バンドウ	36.035	139.89333333333335	16
40	a	0324	土浦	ツチウラ	36.10333333333333	140.22	26
40	a	0325	鹿嶋	カシマ	35.96333333333333	140.62166666666667	37
41	a	0326	那須高原	ナスコウゲン	37.123333333333335	140.035	749
41	a	0327	黒田原	クロダワラ	37.02	140.12	340
41	a	0328	八方が原	ハッポウガハラ	36.92	139.83333333333334	1087
41	a	0329	黒磯	クロイソ	36.98166666666667	140.01833333333335	343
41	a	0330	八溝山	ヤミゾサン	36.93666666666667	140.25833333333333	800
41	a	0331	大田原	オオタワラ	36.84	140.035	188
41	a	0333	方塞山	ホウサイザン	36.63	139.50833333333333	1385
41	a	0334	高根沢	タカネザワ	36.60666666666667	139.99833333333333	148
41	a	0335	鹿沼	カヌマ	36.59166666666667	139.735	165
41	a	0337	葛生	クズウ	36.431666666666665	139.59	120
41	a	0338	真岡	モオカ	36.47666666666667	139.98666666666668	91
41	a	0339	足利	アシカガ	36.30166666666667	139.47333333333333	28
41	a	0340	栃木	トチギ	36.373333333333335	139.70333333333335	65
41	a	0341	小山	オヤマ	36.33833333333333	139.83	44
42	a	0342	前武尊	マエホタカ	36.76833333333333	139.16333333333333	1530
42	a	0343	草津	クサツ	36.61666666666667	138.59166666666667	1223
42	a	0344	野反湖	ノゾリコ	36.69	138.65	1570
42	a	0345	雨見山	アマミヤマ	36.68666666666667	138.86333333333334	825
42	a	0346	沼田	ヌマタ	36.653333333333336	139.06	439
42	a	0347	赤城山	アカギヤマ	36.54	139.175	1660
42	a	0348	田代	タシロ	36.46333333333333	138.46333333333334	1230
42	a	0349	榛名山	ハルナサン	36.471666666666664	138.87333333333333	1088
42	a	0351	桐生	キリュウ	36.41	139.325	117
42	a	0352	一の字山	イチノジヤマ	36.37166666666667	138.65833333333333	1170
42	a	0353	上里見	カミサトミ	36.376666666666665	138.895	183
42	a	0354	西野牧	ニシノマキ	36.245	138.70666666666668	375
42	a	0355	藤岡	フジオカ	36.24166666666667	139.07	95
42	a	0356	館林	タテバヤシ	36.233333333333334	139.53166666666667	21
42	a	0357	稲含山	イナフクミヤマ	36.17	138.86333333333334	780
43	a	0359	久喜	クキ	36.086666666666666	139.635	12
43	a	0361	堂平	ドウダイラ	36.005	139.19	876
43	a	0362	飯能	ハンノウ	35.83833333333333	139.32166666666666	84
43	a	0363	さいたま	サイタマ	35.875	139.58666666666667	8
43	a	0364	越谷	コシガヤ	35.88333333333333	139.75666666666666	3
44	a	0365	小河内	オゴウチ	35.791666666666664	139.05	530
44	a	0366	八王子	ハチオウジ	35.666666666666664	139.31666666666666	123
44	a	0367	調布	チョウフ	35.66833333333334	139.53	41
44	a	0368	世田谷	セタガヤ	35.626666666666665	139.62	35
44	a	0370	江戸川臨海	エドガワリンカイ	35.638333333333335	139.86333333333334	5
44	a	0371	羽田	ハネダ	35.553333333333335	139.78	6
45	a	0375	香取	カトリ	35.858333333333334	140.50166666666667	37
45	a	0376	我孫子	アビコ	35.86333333333333	140.11	20
45	a	0377	東庄	トウノショウ	35.821666666666665	140.685	52
45	a	0378	成田	ナリタ	35.763333333333335	140.385	41
45	a	0381	茂原	モバラ	35.416666666666664	140.31	9
45	a	0382	木更津	キサラヅ	35.361666666666665	139.94	60
45	a	0383	鋸南	キョナン	35.12166666666667	139.83666666666667	10
45	a	0384	鴨川	カモガワ	35.111666666666665	140.1	5
46	a	0387	相模湖	サガミコ	35.61333333333333	139.19333333333333	188
46	a	0388	海老名	エビナ	35.43333333333333	139.38666666666666	18
46	a	0390	箱根	ハコネ	35.221666666666664	139.04166666666666	855
46	a	0391	江ノ島	エノシマ	35.29833333333333	139.48	60
46	a	0392	三浦	ミウラ	35.178333333333335	139.63	42
48	a	0393	野沢温泉	ノザワオンセン	36.91166666666667	138.44166666666666	576
48	a	0394	信濃町	シナノマチ	36.80833333333333	138.19666666666666	685
48	a	0395	飯山	イイヤマ	36.875	138.375	313
48	a	0396	白馬	ハクバ	36.69833333333333	137.86166666666668	703
48	a	0398	笠岳	カサダケ	36.666666666666664	138.45666666666668	1490
48	a	0399	大町	オオマチ	36.52333333333333	137.83333333333334	784
48	a	0400	信州新町	シンシュウシンマチ	36.54833333333333	137.99666666666667	509
48	a	0401	四阿屋山	アズマヤサン	36.41833333333334	138.055	1387
48	a	0402	上田	ウエダ	36.4	138.265	502
48	a	0403	燕岳	ツバクロダケ	36.388333333333335	137.73833333333334	1840
48	a	0404	穂高	ホタカ	36.343333333333334	137.88166666666666	540
48	a	0407	鹿教湯	カケユ	36.30166666666667	138.13666666666666	721
48	a	0408	佐久	サク	36.24666666666667	138.47666666666666	683
48	a	0409	高ボッチ	タカボッチ	36.15	138.04333333333332	1670
48	a	0410	茂来山	モライサン	36.108333333333334	138.53333333333333	1450
48	a	0412	八ケ岳	ヤツガタケ	36.026666666666664	138.31166666666667	1830
48	a	0413	木曽平沢	キソヒラサワ	35.983333333333334	137.835	900
48	a	0414	原村	ハラムラ	35.97	138.22	1017
48	a	0415	野辺山	ノベヤマ	35.94833333333333	138.47166666666666	1350
48	a	0416	御嶽山	オンタケサン	35.87166666666667	137.50333333333333	2195
48	a	0417	木曽福島	キソフクシマ	35.84	137.68833333333333	750
48	a	0418	高遠	タカトウ	35.83833333333333	138.05666666666667	780
48	a	0419	入笠山	ニュウカサヤマ	35.89	138.155	1795
48	a	0420	宮田高原	ミヤタコウゲン	35.77333333333333	137.885	1660
48	a	0421	松峯	マツミネ	35.74	138.11833333333334	1920
48	a	0422	須原	スハラ	35.69833333333333	137.69166666666666	535
48	a	0423	摺古木山	スリコギヤマ	35.593333333333334	137.73333333333332	1700
48	a	0424	飯島	イイジマ	35.653333333333336	137.89833333333334	728
48	a	0425	笹山	ササヤマ	35.608333333333334	138.085	1732
48	a	0427	恵那山	エナサン	35.428333333333335	137.62	1602
48	a	0428	鶯巣	ウグス	35.263333333333335	137.83	265
49	a	0429	剣ノ峰	ケンノミネ	35.82833333333333	138.64	1735
49	a	0430	日向山	ヒナタヤマ	35.79833333333333	138.28666666666666	1180
49	a	0431	大菩薩	ダイボサツ	35.735	138.83666666666667	1684
49	a	0433	勝沼	カツヌマ	35.663333333333334	138.725	394
49	a	0434	大月	オオツキ	35.608333333333334	138.93833333333333	364
49	a	0435	八町山	ハッチョウヤマ	35.54333333333334	138.41166666666666	930
49	a	0436	古関	フルセキ	35.528333333333336	138.615	552
49	a	0438	山中	ヤマナカ	35.43666666666667	138.83666666666667	992
49	a	0439	南部	ナンブ	35.288333333333334	138.445	141
50	a	0440	白糸	シライト	35.31166666666667	138.57833333333335	530
50	a	0441	御殿場	ゴテンバ	35.305	138.92666666666668	472
50	a	0442	富士	フジ	35.185	138.66333333333333	66
50	a	0444	越木平	コシキダイラ	35.01	137.98	552
50	a	0445	川根本町	カワネホンチョウ	35.10166666666667	138.12833333333333	290
50	a	0446	大山	オオヤマ	35.05166666666667	138.28166666666667	880
50	a	0448	高根山	タカネサン	34.975	138.19666666666666	415
50	a	0450	霧山	キリヤマ	34.875	137.69166666666666	405
50	a	0451	天竜	テンリュウ	34.89	137.81333333333333	61
50	a	0452	島田	シマダ	34.84	138.14333333333335	80
50	a	0453	湯ケ島	ユガシマ	34.9	138.925	165
50	a	0454	天城山	アマギサン	34.87166666666667	139.02333333333334	1066
50	a	0456	松崎	マツザキ	34.755	138.78333333333333	4
50	a	0457	稲取	イナトリ	34.781666666666666	139.04833333333335	130
51	a	0460	一宮	イチノミヤ	35.29833333333333	136.85333333333332	11
51	a	0461	豊山	トヨヤマ	35.255	136.92333333333335	14
51	a	0462	茶臼山	チャウスヤマ	35.22	137.66	1216
51	a	0464	豊田	トヨタ	35.13166666666667	137.17666666666668	75
51	a	0465	東海	トウカイ	35.02333333333333	136.90166666666667	10
51	a	0466	出来山	デキヤマ	35.095	137.41666666666666	946
51	a	0467	岡崎	オカザキ	34.91833333333334	137.19333333333333	47
51	a	0468	作手	ツクデ	34.97666666666667	137.425	532
51	a	0469	一色	イッシキ	34.81166666666667	137.02833333333334	12
51	a	0470	豊橋	トヨハシ	34.75	137.34166666666667	3
51	a	0472	田原	タハラ	34.626666666666665	137.22166666666666	45
52	a	0473	神岡	カミオカ	36.321666666666665	137.30833333333334	455
52	a	0474	流葉山	ナガレハヤマ	36.32666666666667	137.24833333333333	1280
52	a	0475	森茂	モリモ	36.175	137.025	1262
52	a	0477	乗鞍岳	ノリクラダケ	36.12166666666667	137.55666666666667	2730
52	a	0478	大日岳	ダイニチダケ	36.02166666666667	136.85333333333332	1280
52	a	0479	新渕山	アラブチヤマ	36.031666666666666	136.975	1145
52	a	0480	船山	フナヤマ	36.035	137.26	880
52	a	0481	白尾山	シラオサン	35.903333333333336	136.94833333333332	1272
52	a	0482	白鳥	シロトリ	35.86833333333333	136.86333333333334	372
52	a	0483	萩原	ハギワラ	35.888333333333335	137.20666666666668	425
52	a	0484	蕪山	カブラヤマ	35.735	136.79833333333335	1069
52	a	0485	八幡	ハチマン	35.75666666666667	136.97833333333332	250
52	a	0486	樽見	タルミ	35.638333333333335	136.60333333333332	190
52	a	0487	金山	カナヤマ	35.66166666666667	137.16	233
52	a	0488	三界山	サンガイヤマ	35.65	137.51666666666668	1117
52	a	0489	権現山	ゴンゲンヤマ	35.58166666666666	136.50166666666667	750
52	a	0490	伽藍	ガラン	35.515	137.23	650
52	a	0491	美濃加茂	ミノカモ	35.445	137.005	74
52	a	0492	柄石峠	ガライシトウゲ	35.403333333333336	137.20666666666668	365
52	a	0493	恵那	エナ	35.446666666666665	137.40333333333334	315
52	a	0494	中津川	ナカツガワ	35.47666666666667	137.48666666666668	378
52	a	0495	関ケ原	セキガハラ	35.36333333333334	136.46666666666667	130
52	a	0496	大垣	オオガキ	35.346666666666664	136.62	6
52	a	0498	三森山	ミツモリサン	35.376666666666665	137.52666666666667	1130
53	a	0499	北勢	ホクセイ	35.14333333333333	136.53833333333333	125
53	a	0500	桑名	クワナ	35.05	136.69333333333333	3
53	a	0501	雲母峰	キララミネ	34.998333333333335	136.45833333333334	590
53	a	0503	亀山	カメヤマ	34.87	136.45333333333335	70
53	a	0505	笠取山	カサトリヤマ	34.725	136.30833333333334	810
53	a	0507	名張	ナバリ	34.626666666666665	136.10833333333332	226
53	a	0508	国見山	クニミヤマ	34.565	136.15666666666667	680
53	a	0509	小俣	オバタ	34.528333333333336	136.665	10
53	a	0510	粥見	カユミ	34.44833333333333	136.39	120
53	a	0511	藤坂峠	フジサカトウゲ	34.32333333333333	136.48833333333334	560
53	a	0513	八幡峠	ハチマントウゲ	34.06	136.11	800
53	a	0514	熊野	クマノ	33.891666666666666	136.09333333333333	40
54	a	0515	村上	ムラカミ	38.22666666666667	139.47833333333332	10
54	a	0516	鷲ケ巣山	ワシガスヤマ	38.22833333333333	139.63833333333332	695
54	a	0518	両津	リョウツ	38.07333333333333	138.44	2
54	a	0520	二王子岳	ニノウジダケ	37.906666666666666	139.45166666666665	382
54	a	0521	新津	ニイツ	37.791666666666664	139.08666666666667	3
54	a	0522	巻	マキ	37.76833333333333	138.91333333333333	2
54	a	0523	宝珠山	ホウシュサン	37.778333333333336	139.28833333333333	200
54	a	0524	寺泊	テラドマリ	37.64	138.76666666666668	44
54	a	0525	三条	サンジョウ	37.64	138.955	9
54	a	0526	村松	ムラマツ	37.696666666666665	139.18833333333333	25
54	a	0527	津川	ツガワ	37.67166666666667	139.44666666666666	100
54	a	0528	粟ヶ岳	アワガタケ	37.58	139.135	242
54	a	0529	長岡	ナガオカ	37.45	138.82333333333332	23
54	a	0530	栃尾	トチオ	37.475	138.99166666666667	83
54	a	0531	守門岳	スモンダケ	37.405	139.09	737
54	a	0532	柏崎	カシワザキ	37.35166666666667	138.55333333333334	7
54	a	0533	桜坂峠	サクラザカトウゲ	37.211666666666666	138.52666666666667	470
54	a	0534	小出	コイデ	37.22666666666667	138.96333333333334	98
54	a	0536	安塚	ヤスヅカ	37.10666666666667	138.45666666666668	126
54	a	0537	十日町	トオカマチ	37.14333333333333	138.72666666666666	170
54	a	0538	枝折峠	シオリトウゲ	37.155	139.13	1060
54	a	0539	糸魚川	イトイガワ	37.04333333333334	137.875	8
54	a	0540	能生	ノウ	37.083333333333336	138.02333333333334	55
54	a	0541	光ケ原	ヒカリガハラ	37.005	138.37166666666667	805
54	a	0542	大沢峠	オオサワトウゲ	37.038333333333334	138.78666666666666	673
54	a	0543	津南	ツナン	36.99666666666667	138.68333333333334	452
54	a	0544	湯沢	ユザワ	36.94166666666667	138.81	340
54	a	0545	袴岳	ハカマダケ	36.87	138.27666666666667	850
55	a	0546	泊	トマリ	36.95166666666667	137.55166666666668	13
55	a	0547	魚津	ウオヅ	36.821666666666665	137.42833333333334	48
55	a	0548	宇奈月	ウナヅキ	36.846666666666664	137.55833333333334	160
55	a	0549	嘉例沢	カレイザワ	36.825	137.53666666666666	420
55	a	0552	砺波	トナミ	36.61	136.955	69
55	a	0553	上市	カミイチ	36.67	137.42333333333335	296
55	a	0554	南砺高宮	ナントタカミヤ	36.545	136.87166666666667	91
55	a	0555	八尾	ヤツオ	36.57833333333333	137.13166666666666	78
55	a	0556	小谷	オタニ	36.57	137.3	340
55	a	0557	立山	タテヤマ	36.58166666666666	137.57833333333335	2291
55	a	0558	細尾峠	ホソオトウゲ	36.445	136.89666666666668	740
55	a	0559	谷折	タニオリ	36.48833333333334	137.1	700
56	a	0560	珠洲	スズ	37.446666666666665	137.28666666666666	4
56	a	0562	門前	モンゼン	37.26166666666666	136.72833333333332	11
56	a	0563	木原岳	キハラダケ	37.288333333333334	136.95	270
56	a	0564	志賀	シカ	37.14333333333333	136.725	6
56	a	0565	七尾	ナナオ	37.03	136.99166666666667	58
56	a	0566	羽咋	ハクイ	36.89333333333333	136.77666666666667	15
56	a	0567	かほく	カホク	36.711666666666666	136.69166666666666	42
56	a	0568	宝達山	ホウダツサン	36.78	136.80666666666667	626
56	a	0570	医王山	イオウゼン	36.52	136.745	420
56	a	0571	加賀菅谷	カガスガタニ	36.23	136.36166666666668	83
57	a	0573	大野	オオノ	35.971666666666664	136.49666666666667	182
57	a	0574	タイラ山	タイラヤマ	35.986666666666665	136.60666666666665	510
57	a	0575	春日野	カスガノ	35.858333333333334	136.13333333333333	270
57	a	0576	板垣	イタガキ	35.873333333333335	136.30833333333334	620
57	a	0577	今庄	イマジョウ	35.766666666666666	136.2	128
57	a	0579	小浜	オバマ	35.483333333333334	135.78166666666667	10
60	a	0580	今津	イマヅ	35.41166666666667	136.02833333333334	88
60	a	0581	荒川	アラカワ	35.373333333333335	135.92666666666668	360
60	a	0582	春照	スイジョ	35.38	136.37333333333333	160
60	a	0584	近江八幡	オウミハチマン	35.126666666666665	136.09166666666667	90
60	a	0585	君ケ畑台地	キミガハタダイチ	35.19833333333333	136.34	402
60	a	0586	大津	オオツ	34.99166666666667	135.91166666666666	86
60	a	0587	土山	ツチヤマ	34.93833333333333	136.27833333333334	248
61	a	0588	峰山	ミネヤマ	35.61833333333333	135.07166666666666	23
61	a	0589	宮津	ミヤヅ	35.55	135.235	2
61	a	0591	仏坂	フッサカ	35.376666666666665	135.035	410
61	a	0592	浅原山	アサハラヤマ	35.333333333333336	135.38833333333332	380
61	a	0593	福知山	フクチヤマ	35.31166666666667	135.11333333333334	17
61	a	0594	胡麻	ゴマ	35.21	135.46166666666667	260
61	a	0595	妙高山	ミョウコウサン	35.16833333333334	135.17	440
61	a	0596	園部	ソノベ	35.108333333333334	135.455	134
61	a	0598	京田辺	キョウタナベ	34.83	135.76	20
61	a	0599	鷲峰山	ジュブサン	34.82833333333333	135.905	607
62	a	0600	能勢	ノセ	34.94833333333333	135.455	235
62	a	0601	箕面	ミノオ	34.83833333333333	135.50333333333333	96
62	a	0602	豊中	トヨナカ	34.78333333333333	135.43833333333333	12
62	a	0604	生駒山	イコマヤマ	34.675	135.67666666666668	626
62	a	0605	河内長野	カワチナガノ	34.42333333333333	135.54333333333332	160
62	a	0606	熊取	クマトリ	34.385	135.35	68
63	a	0607	香住	カスミ	35.625	134.62666666666667	5
63	a	0608	温泉	オンセン	35.528333333333336	134.48	233
63	a	0609	三川山	ミカワヤマ	35.545	134.63666666666666	875
63	a	0611	八鹿	ヨウカ	35.39833333333333	134.74	183
63	a	0612	和田山	ワダヤマ	35.32333333333333	134.84833333333333	80
63	a	0613	生野	イクノ	35.166666666666664	134.79166666666666	320
63	a	0614	柏原	カイバラ	35.13666666666666	135.065	98
63	a	0615	一宮	イチノミヤ	35.096666666666664	134.585	195
63	a	0616	笠形山	カサガタヤマ	35.053333333333335	134.83666666666667	580
63	a	0617	佐用	サヨウ	35.016666666666666	134.36833333333334	120
63	a	0618	後川	シツカワ	35.025	135.29333333333332	330
63	a	0619	上郡	カミゴオリ	34.858333333333334	134.37333333333333	20
63	a	0620	的場山	マトバヤマ	34.87166666666667	134.52666666666667	260
63	a	0622	名塩	ナジオ	34.83	135.29333333333332	168
63	a	0623	六甲山	ロッコウサン	34.763333333333335	135.27	620
63	a	0624	家島	イエシマ	34.67166666666667	134.52666666666667	88
63	a	0625	明石	アカシ	34.68666666666667	134.87666666666667	3
63	a	0628	福良	フクラ	34.26	134.70833333333334	35
64	a	0630	針	ハリ	34.605	135.95166666666665	468
64	a	0631	田原本	タワラモト	34.555	135.785	50
64	a	0632	曽爾	ソニ	34.52166666666667	136.15833333333333	610
64	a	0633	大宇陀	オオウダ	34.48833333333334	135.93166666666667	349
64	a	0634	高見山	タカミヤマ	34.42666666666667	136.085	1190
64	a	0635	五條	ゴジョウ	34.38	135.73	190
64	a	0636	天辻	テンツジ	34.22666666666667	135.72833333333332	897
64	a	0637	山上ケ岳	サンジョウガタケ	34.265	135.93166666666667	1485
64	a	0638	荒神岳	コウジンダケ	34.156666666666666	135.65666666666667	1242
64	a	0639	日出岳	ヒデガタケ	34.185	136.10833333333332	1695
64	a	0640	上野地	ウエノジ	34.096666666666664	135.77166666666668	140
64	a	0641	玉置山	タマキヤマ	33.92666666666667	135.83	1077
65	a	0642	葛城山	カツラギサン	34.346666666666664	135.43666666666667	840
65	a	0644	岩出	イワデ	34.25833333333333	135.32	25
65	a	0645	高野山	コウヤサン	34.221666666666664	135.59	795
65	a	0646	護摩壇山	ゴマダンザン	34.04	135.56666666666666	1130
65	a	0647	御坊	ゴボウ	33.89666666666667	135.15833333333333	4
65	a	0648	虎ケ峰峠	トラガミネトウゲ	33.85333333333333	135.455	607
65	a	0649	新宮	シングウ	33.68666666666667	135.97	18
65	a	0650	白浜	シラハマ	33.678333333333335	135.34666666666666	32
65	a	0651	日置川	ヒキガワ	33.605	135.48	17
66	a	0653	大空山	オオゾラヤマ	35.196666666666665	133.82	1040
66	a	0654	那岐山	ナギサン	35.15833333333333	134.18	960
66	a	0655	今岡	イマオカ	35.098333333333336	134.325	207
66	a	0656	久世	クセ	35.068333333333335	133.75333333333333	144
66	a	0658	新見	ニイミ	34.943333333333335	133.51833333333335	393
66	a	0659	天子山	アマゴヤマ	34.98833333333333	133.87833333333333	646
66	a	0660	赤磐	アカイワ	34.91833333333334	134.08166666666668	56
66	a	0661	陣山	ジンヤマ	34.82833333333333	133.52333333333334	529
66	a	0662	大平山	オオヒラヤマ	34.895	133.705	685
66	a	0663	福渡	フクワタリ	34.86666666666667	133.90333333333334	63
66	a	0664	和気	ワケ	34.815	134.18333333333334	35
66	a	0665	佐屋	サヤ	34.685	133.445	390
66	a	0666	矢掛	ヤカゲ	34.61666666666667	133.61833333333334	18
66	a	0668	虫明	ムシアゲ	34.681666666666665	134.20666666666668	10
66	a	0669	倉敷	クラシキ	34.59	133.76833333333335	3
66	a	0670	玉野	タマノ	34.486666666666665	133.95	2
67	a	0671	道後山	ドウゴヤマ	35.056666666666665	133.18833333333333	729
67	a	0672	安田山	アンダヤマ	34.92166666666667	132.815	638
67	a	0673	犬伏山	イヌブシヤマ	34.805	132.615	786
67	a	0674	三次	ミヨシ	34.81166666666667	132.85	159
67	a	0675	庄原	ショウバラ	34.86	133.02333333333334	300
67	a	0676	大朝	オオアサ	34.76833333333333	132.46333333333334	399
67	a	0677	加計	カケ	34.61	132.32	210
67	a	0678	海見山	カイケンザン	34.60666666666667	132.47833333333332	805
67	a	0679	上下	ジョウゲ	34.693333333333335	133.11666666666667	384
67	a	0680	内黒山	ウチグロヤマ	34.596666666666664	132.17666666666668	987
67	a	0681	世羅	セラ	34.583333333333336	133.05	350
67	a	0682	恵下谷山	エゲタニヤマ	34.485	132.33	790
67	a	0683	東広島	ヒガシヒロシマ	34.416666666666664	132.7	224
67	a	0686	竹原	タケハラ	34.33	132.98166666666665	5
67	a	0687	生口島	イクチジマ	34.278333333333336	133.12333333333333	3
67	a	0688	大竹	オオタケ	34.221666666666664	132.22	1
67	a	0690	倉橋	クラハシ	34.09166666666667	132.48833333333334	3
68	a	0692	西ノ島	ニシノシマ	36.11	133.04	3
68	a	0693	鹿島	カシマ	35.52	133.02166666666668	5
68	a	0694	斐川	ヒカワ	35.413333333333334	132.89	2
68	a	0696	大東	ダイトウ	35.318333333333335	132.965	56
68	a	0697	大田	オオダ	35.19	132.49666666666667	30
68	a	0698	掛合	カケヤ	35.196666666666665	132.815	215
68	a	0699	横田	ヨコタ	35.17333333333333	133.10333333333332	369
68	a	0700	吾妻山	アヅマヤマ	35.06666666666667	133.03666666666666	1012
68	a	0701	川本	カワモト	34.97666666666667	132.49166666666667	132
68	a	0703	三隅	ミスミ	34.788333333333334	131.95833333333334	11
68	a	0704	益田	マスダ	34.67666666666667	131.84333333333333	4
68	a	0705	聖山	ヒジリヤマ	34.63666666666667	132.145	1112
68	a	0706	十種峯	トクサガミネ	34.44	131.695	902
68	a	0707	津和野	ツワノ	34.461666666666666	131.77	165
69	a	0709	青谷	アオヤ	35.52	133.99666666666667	13
69	a	0711	岩井	イワイ	35.55833333333333	134.36	19
69	a	0713	倉吉	クラヨシ	35.473333333333336	133.83833333333334	8
69	a	0714	菅俵原	スゲタワラ	35.41833333333334	133.98833333333334	713
69	a	0715	霊石山	レイセキサン	35.41166666666667	134.21333333333334	320
69	a	0716	大山	ダイセン	35.39333333333333	133.53666666666666	875
69	a	0717	古峠山	コトウヤマ	35.26833333333333	133.43833333333333	594
69	a	0718	智頭	チズ	35.263333333333335	134.24	182
71	a	0719	大山寺	タイサンジ	34.163333333333334	134.39333333333335	690
71	a	0720	池田	イケダ	34.02333333333333	133.795	214
71	a	0722	江田山	エダヤマ	33.92166666666667	134.265	1100
71	a	0723	太竜寺山	タイリュウジヤマ	33.873333333333335	134.52833333333334	600
71	a	0724	日和佐	ヒワサ	33.73166666666667	134.53833333333333	3
71	a	0725	宍喰	シシクイ	33.56333333333333	134.305	4
72	a	0726	内海	ウチノミ	34.471666666666664	134.27333333333334	20
72	a	0729	滝宮	タキノミヤ	34.236666666666665	133.92333333333335	60
72	a	0730	引田	ヒケタ	34.21333333333333	134.40666666666667	12
72	a	0731	竜王山	リュウオウザン	34.11333333333334	134.05	1040
73	a	0732	大三島	オオミシマ	34.25	133.00666666666666	9
73	a	0733	玉川	タマガワ	34.01833333333333	132.94	67
73	a	0734	新居浜	ニイハマ	33.96	133.28166666666667	6
73	a	0735	四国中央	シコクチュウオウ	33.98166666666667	133.58166666666668	75
73	a	0737	上林	カミハヤシ	33.73833333333333	132.89	460
73	a	0738	成就社	ジョウジュシャ	33.795	133.13166666666666	1280
73	a	0739	長浜	ナガハマ	33.61666666666667	132.48	4
73	a	0740	中山	ナカヤマ	33.638333333333335	132.70833333333334	163
73	a	0741	久万	クマ	33.663333333333334	132.895	511
73	a	0742	獅子越峠	シシゴエトウゲ	33.54333333333334	132.83166666666668	1000
73	a	0743	八幡浜	ヤワタハマ	33.44833333333333	132.43333333333334	8
73	a	0745	御荘	ミショウ	32.96333333333333	132.57	12
74	a	0746	本山	モトヤマ	33.75333333333333	133.575	252
74	a	0747	繁藤	シゲトウ	33.678333333333335	133.685	346
74	a	0748	佐川	サカワ	33.51166666666666	133.27166666666668	80
74	a	0749	成山	ナルヤマ	33.59166666666667	133.4	737
74	a	0751	南国	ナンゴク	33.593333333333334	133.64333333333335	10
74	a	0752	芸西	ゲイセイ	33.55166666666667	133.83833333333334	420
74	a	0753	鳥形山	トリガタヤマ	33.48	133.08333333333334	835
74	a	0754	船戸	フナト	33.416666666666664	133.08833333333334	428
74	a	0755	安芸	アキ	33.48833333333334	133.93333333333334	6
74	a	0756	須崎	スサキ	33.385	133.27666666666667	4
74	a	0757	佐喜浜	サキハマ	33.39333333333333	134.205	12
74	a	0758	窪川	クボカワ	33.20666666666666	133.12833333333333	205
74	a	0760	堂ケ森	ドウガモリ	33.15833333333333	132.87666666666667	857
74	a	0761	大正	タイショウ	33.193333333333335	132.97166666666666	150
74	a	0763	中村	ナカムラ	32.99	132.92	8
81	a	0765	須佐	スサ	34.615	131.62333333333333	50
81	a	0767	徳佐	トクサ	34.39833333333333	131.725	310
81	a	0768	鍋提峠	ナベサゲトウゲ	34.265	131.095	400
81	a	0769	秋吉台	アキヨシダイ	34.235	131.30666666666667	240
81	a	0770	瀬戸原	セトバラ	34.215	131.58166666666668	338
81	a	0771	広瀬	ヒロセ	34.26166666666666	131.95166666666665	97
81	a	0772	豊田	トヨタ	34.18666666666667	131.07666666666665	40
81	a	0773	桜山	サクラヤマ	34.14833333333333	131.21833333333333	451
81	a	0775	防府	ホウフ	34.04	131.53333333333333	4
81	a	0776	下松	クダマツ	34.02	131.87333333333333	52
81	a	0778	宇部	ウベ	33.93	131.27833333333334	5
81	a	0779	安下庄	アゲノショウ	33.903333333333336	132.29333333333332	5
82	a	0780	八幡	ヤハタ	33.85166666666667	130.74333333333334	20
82	a	0781	小倉	コクラ	33.835	130.94666666666666	3
82	a	0782	行橋	ユクハシ	33.71333333333333	130.975	9
82	a	0783	篠栗	ササグリ	33.638333333333335	130.545	376
82	a	0785	前原	マエバル	33.56	130.19	5
82	a	0787	九千部山	クセンブヤマ	33.416666666666664	130.445	852
82	a	0788	朝倉	アサクラ	33.405	130.695	36
82	a	0789	英彦山	ヒコサン	33.48833333333334	130.92333333333335	823
82	a	0790	久留米	クルメ	33.303333333333335	130.49333333333334	7
82	a	0791	耳納山	ミノウサン	33.291666666666664	130.625	607
82	a	0792	黒木	クロギ	33.225	130.645	144
82	a	0793	大牟田	オオムタ	33.00666666666667	130.46666666666667	40
83	a	0794	中津	ナカツ	33.586666666666666	131.245	12
83	a	0795	豊後高田	ブンゴタカダ	33.57	131.43333333333334	5
83	a	0796	武蔵	ムサシ	33.47833333333333	131.73666666666668	5
83	a	0797	伏木	フシキ	33.375	130.98166666666665	420
83	a	0799	湯布院	ユフイン	33.25333333333333	131.34666666666666	435
83	a	0801	佐賀関	サガノセキ	33.248333333333335	131.865	1
83	a	0802	釈迦岳	シャカダケ	33.18833333333333	130.89166666666668	1200
83	a	0803	湯平	ユノヒラ	33.185	131.33166666666668	805
83	a	0804	温見	ヌクミ	33.075	131.43	591
83	a	0805	犬飼	イヌカイ	33.065	131.63166666666666	100
83	a	0806	竹田	タケタ	32.973333333333336	131.39833333333334	261
83	a	0807	出羽	イズルハ	32.968333333333334	131.66833333333332	473
83	a	0808	佐伯	サイキ	32.95	131.90166666666667	2
83	a	0809	倉木	クラキ	32.895	131.395	483
83	a	0810	蒲江	カマエ	32.795	131.92333333333335	2
84	a	0811	佐須奈	サスナ	34.64	129.4	5
84	a	0814	松浦	マツウラ	33.34166666666667	129.71166666666667	14
84	a	0815	国見山	クニミヤマ	33.235	129.81333333333333	769
84	a	0817	大瀬戸	オオセト	32.94833333333333	129.63166666666666	43
84	a	0818	長浦岳	ナガウラダケ	32.90833333333333	129.73833333333334	510
84	a	0819	五家原岳	ゴカハラダケ	32.94166666666667	130.07666666666665	776
84	a	0820	諫早	イサハヤ	32.843333333333334	130.025	15
85	a	0824	枝去木	エザルギ	33.498333333333335	129.89833333333334	110
85	a	0825	和多田	ワタダ	33.425	129.985	5
85	a	0826	権現山	ゴンゲンヤマ	33.4	130.23666666666668	590
85	a	0827	八幡岳	ハチマンダケ	33.281666666666666	130.02666666666667	761
85	a	0829	白石	シロイシ	33.18333333333333	130.14833333333334	2
85	a	0830	嬉野	ウレシノ	33.11666666666667	129.995	81
85	a	0831	多良岳	タラダケ	32.971666666666664	130.155	395
86	a	0832	鹿北	カホク	33.115	130.69166666666666	119
86	a	0833	南小国	ミナミオグニ	33.10333333333333	131.06666666666666	448
86	a	0834	岱明	タイメイ	32.915	130.51166666666666	15
86	a	0835	菊池	キクチ	32.945	130.78166666666667	83
86	a	0836	鞍岳	クラダケ	32.95	130.91833333333332	640
86	a	0838	俵山	タワラヤマ	32.85	130.97666666666666	850
86	a	0840	高森	タカモリ	32.821666666666665	131.125	555
86	a	0841	間の谷山	マノタニヤマ	32.70666666666666	130.94	640
86	a	0842	甲佐	コウサ	32.645	130.81	36
86	a	0843	松島	マツシマ	32.515	130.44666666666666	2
86	a	0844	大金峰	ダイキンポウ	32.56333333333333	130.905	1193
86	a	0845	本渡	ホンド	32.468333333333334	130.18	30
86	a	0846	八代	ヤツシロ	32.473333333333336	130.60666666666665	8
86	a	0847	戦山	イクサヤマ	32.126666666666665	130.72166666666666	850
86	a	0850	一里山	イチリヤマ	32.2	130.64	650
86	a	0851	白髪岳	シラガダケ	32.17166666666667	130.91	925
87	a	0852	高千穂	タカチホ	32.711666666666666	131.29	350
87	a	0853	大中尾	オナコ	32.565	131.35	380
87	a	0854	中小屋	ナカゴヤ	32.565	131.39666666666668	820
87	a	0856	猪原	イノハラ	32.416666666666664	131.36833333333334	520
87	a	0857	日向	ヒュウガ	32.40833333333333	131.6	20
87	a	0858	矢櫃岳	ヤビツダケ	32.31333333333333	131.395	964
87	a	0859	高鍋	タカナベ	32.123333333333335	131.52666666666667	4
87	a	0860	加久藤	カクトウ	32.04666666666667	130.81	228
87	a	0861	西都	サイト	32.06333333333333	131.41333333333333	8
87	a	0862	えびの	エビノ	31.945	130.84	1150
87	a	0863	小林	コバヤシ	32.0	130.95333333333335	276
87	a	0864	野尻	ノジリ	31.956666666666667	131.15666666666667	182
87	a	0865	国富	クニトミ	32.00666666666667	131.29666666666665	66
87	a	0867	霧島御池	キリシマミイケ	31.851666666666667	130.94833333333332	500
87	a	0868	青島	アオシマ	31.803333333333335	131.46	8
87	a	0870	鰐塚山	ワニツカヤマ	31.768333333333334	131.26666666666668	1082
87	a	0872	串間	クシマ	31.465	131.22	20
88	a	0874	古原野	コハルノ	32.083333333333336	130.51333333333332	540
88	a	0875	大口	オオクチ	32.04666666666667	130.62666666666667	175
88	a	0876	魚野越	ウオノゴエ	32.028333333333336	130.71166666666667	460
88	a	0877	紫尾山	シビサン	31.98	130.36666666666667	1060
88	a	0878	さつま柏原	サツマカシワバル	31.916666666666668	130.455	59
88	a	0879	中甑	ナカコシキ	31.835	129.86666666666667	10
88	a	0880	川内	センダイ	31.833333333333332	130.315	5
88	a	0881	溝辺	ミゾベ	31.803333333333335	130.71833333333333	272
88	a	0882	八重山	ヤエヤマ	31.746666666666666	130.43833333333333	533
88	a	0883	東市来	ヒガシイチキ	31.668333333333333	130.32833333333335	40
88	a	0884	権現ケ尾	ゴンゲンガオ	31.508333333333333	130.46333333333334	397
88	a	0886	高峠	タカトウゲ	31.511666666666667	130.745	520
88	a	0887	加世田	カセダ	31.415	130.325	9
88	a	0888	吉ケ別府	ヨシガベップ	31.461666666666666	130.86	100
88	a	0890	喜入	キイレ	31.386666666666667	130.54	4
88	a	0891	肝属川	キモツキガワ	31.35	130.94833333333332	8
88	a	0893	指宿	イブスキ	31.25	130.63666666666666	5
88	a	0894	甫与志岳	ホヨシダケ	31.255	130.955	550
88	a	0895	内之浦	ウチノウラ	31.276666666666667	131.055	8
88	a	0897	中種子	ナカタネ	30.605	130.99166666666667	234
88	a	0898	上中	カミナカ	30.406666666666666	130.90166666666667	150
88	a	0899	尾之間	オノアイダ	30.235	130.555	60
91	a	0901	奥	オク	26.835	128.27166666666668	232
91	a	0902	与那覇岳	ヨナハダケ	26.726666666666667	128.215	375
91	a	0903	呉我山	ゴガヤマ	26.665	127.97	86
91	a	0905	名嘉真	ナカマ	26.513333333333332	127.91333333333333	75
91	a	0906	読谷	ヨミタン	26.405	127.74166666666666	99
91	a	0907	胡屋	ゴヤ	26.326666666666668	127.805	86
91	a	0909	糸数	イトカズ	26.153333333333332	127.765	186
35	a	0910	向町	ムカイマチ	38.75833333333333	140.51666666666668	212
40	a	0911	江戸崎	エドサキ	35.96	140.32	25
32	a	0912	大館	オオダテ	40.251666666666665	140.505	49
81	a	0913	玖珂	クガ	34.095	132.075	68
45	a	0916	佐倉	サクラ	35.72833333333333	140.21166666666667	5
23	a	0917	木古内	キコナイ	41.68666666666667	140.445	6
53	a	0918	大台	オオダイ	34.391666666666666	136.40833333333333	80
66	a	0919	笠岡	カサオカ	34.501666666666665	133.495	0
61	a	0920	花背峠	ハナセトウゲ	35.156666666666666	135.78833333333333	710
74	a	0921	梼原	ユスハラ	33.39	132.92166666666665	415
84	a	0922	口之津	クチノツ	32.611666666666665	130.19333333333333	13
86	a	0923	益城	マシキ	32.836666666666666	130.855	193
86	a	0924	水俣	ミナマタ	32.205	130.40666666666667	6
86	a	0925	多良木	タラギ	32.295	130.95	210
86	a	0926	上	ウエ	32.225	130.905	166
61	a	0927	知井	チイ	35.321666666666665	135.64666666666668	250
61	a	0928	京北	ケイホク	35.181666666666665	135.66166666666666	260
66	a	0929	下呰部	シモアザエ	34.965	133.62833333333333	180
66	a	0930	高梁	タカハシ	34.791666666666664	133.61	60
83	a	0931	院内	インナイ	33.42	131.31666666666666	90
83	a	0932	玖珠	クス	33.291666666666664	131.155	331
83	a	0933	臼杵	ウスキ	33.13166666666667	131.79666666666665	30
88	a	0934	出水	イズミ	32.093333333333334	130.35166666666666	11
88	a	0935	牧之原	マキノハラ	31.661666666666665	130.84333333333333	387
88	a	0936	志布志	シブシ	31.47833333333333	131.095	70
88	a	0937	鹿屋	カノヤ	31.391666666666666	130.86333333333334	80
69	a	0938	日南	ニチナン	35.165	133.32166666666666	290
81	a	0939	油谷	ユヤ	34.37	131.055	20
81	a	0940	岩国	イワクニ	34.155	132.17833333333334	41
81	a	0941	周東	シュウトウ	34.08833333333333	132.045	45
81	a	0942	柳井	ヤナイ	33.958333333333336	132.11333333333334	3
82	a	0943	宗像	ムナカタ	33.80833333333333	130.53833333333333	7
82	a	0944	頂吉	カグメヨシ	33.74166666666667	130.84333333333333	180
82	a	0945	柳川	ヤナガワ	33.16	130.40333333333334	7
86	a	0946	田浦	タノウラ	32.36333333333334	130.50833333333333	3
67	a	0947	高野	タカノ	35.03333333333333	132.90166666666667	570
67	a	0948	東城	トウジョウ	34.895	133.27666666666667	310
67	a	0949	甲田	コウダ	34.695	132.76	185
67	a	0950	三入	ミイリ	34.545	132.53	70
67	a	0951	府中	フチュウ	34.56166666666667	133.23166666666665	70
67	a	0952	河内	コウチ	34.468333333333334	132.89333333333335	90
67	a	0953	久比	クビ	34.181666666666665	132.83	4
68	a	0954	佐田	サダ	35.221666666666664	132.72333333333333	100
74	a	0955	田野	タノ	33.42666666666667	134.00666666666666	17
63	a	0956	西脇	ニシワキ	34.998333333333335	134.99666666666667	72
64	a	0957	上北山	カミキタヤマ	34.13666666666666	136.005	334
73	a	0958	西条	サイジョウ	33.915	133.08	4
73	a	0959	大洲	オオズ	33.50833333333333	132.535	20
73	a	0960	三崎	ミサキ	33.38666666666666	132.12166666666667	2
73	a	0961	宇和	ウワ	33.36666666666667	132.50333333333333	200
84	a	0962	島原	シマバラ	32.74166666666667	130.375	6
60	a	0963	東近江	ヒガシオウミ	35.06166666666667	136.19	128
60	a	0964	信楽	シガラキ	34.913333333333334	136.08	265
61	a	0965	間人	タイザ	35.736666666666665	135.08666666666667	42
61	a	0966	本庄	ホンジョウ	35.26	135.395	95
63	a	0967	大屋	オオヤ	35.33166666666666	134.665	150
63	a	0968	福崎	フクサキ	34.95	134.74833333333333	72
63	a	0969	三田	サンダ	34.895	135.21166666666667	150
63	a	0970	郡家	グンゲ	34.46666666666667	134.84833333333333	5
65	a	0971	栗栖川	クリスガワ	33.791666666666664	135.51333333333332	160
71	a	0972	穴吹	アナブキ	34.04	134.15666666666667	160
56	a	0973	白山河内	ハクサンカワチ	36.39666666666667	136.62	136
57	a	0974	美山	ミヤマ	35.998333333333335	136.35833333333332	70
57	a	0975	川上	カワカミ	35.44	135.52333333333334	75
60	a	0976	長浜	ナガハマ	35.42333333333333	136.24166666666667	95
63	a	0977	兎和野高原	ウワノコウゲン	35.431666666666665	134.58333333333334	540
65	a	0978	湯浅	ユアサ	34.035	135.18166666666667	8
83	a	0979	耶馬渓	ヤバケイ	33.445	131.115	100
88	a	0980	古仁屋	コニヤ	28.143333333333334	129.315	2
17	a	0981	宇登呂	ウトロ	44.05166666666667	144.98166666666665	144
51	a	0982	稲武	イナブ	35.211666666666666	137.50666666666666	505
51	a	0983	蟹江	カニエ	35.13666666666666	136.79166666666666	2
51	a	0984	南知多	ミナミチタ	34.74	136.93833333333333	16
34	a	0985	雄勝	オガツ	38.52166666666667	141.47	5
50	a	0986	佐久間	サクマ	35.056666666666665	137.76166666666666	150
50	a	0987	土肥	トイ	34.876666666666665	138.76166666666666	92
50	a	0988	三ヶ日	ミッカビ	34.80166666666667	137.55666666666667	2
50	a	0989	掛川	カケガワ	34.78	137.96666666666667	23
53	a	0990	松阪	マツザカ	34.56	136.53666666666666	6
53	a	0991	磯部	イソベ	34.373333333333335	136.805	3
48	a	0992	菅平	スガダイラ	36.531666666666666	138.325	1253
48	a	0993	東御	トウミ	36.38333333333333	138.38333333333333	958
48	a	0994	上高地	カミコウチ	36.248333333333335	137.63333333333333	1510
54	a	0995	粟島	アワシマ	38.461666666666666	139.25166666666667	4
54	a	0996	羽茂	ハモチ	37.84166666666667	138.31333333333333	11
54	a	0997	守門	スモン	37.346666666666664	139.04333333333332	222
54	a	0998	関山	セキヤマ	36.93333333333333	138.22166666666666	350
15	a	0999	月形	ツキガタ	43.33	141.61666666666667	50
43	a	1000	三峰	ミツミネ	35.92666666666667	138.92333333333335	975
44	a	1001	青梅	オウメ	35.788333333333334	139.31166666666667	155
44	a	1002	練馬	ネリマ	35.73833333333333	139.59166666666667	51
45	a	1003	横芝光	ヨコシバヒカリ	35.656666666666666	140.48	6
45	a	1004	大多喜	オオタキ	35.251666666666665	140.215	70
46	a	1005	相模原中央	サガミハラチュウオウ	35.571666666666665	139.37	149
46	a	1006	日吉	ヒヨシ	35.55166666666667	139.65	57
46	a	1007	平塚	ヒラツカ	35.345	139.305	20
46	a	1008	小田原	オダワラ	35.276666666666664	139.155	14
43	a	1009	寄居	ヨリイ	36.105	139.18333333333334	128
57	a	1010	美浜	ミハマ	35.6	135.91666666666666	10
40	a	1011	日立	ヒタチ	36.58	140.645	34
40	a	1012	柿岡	カキオカ	36.233333333333334	140.18833333333333	27
40	a	1013	美野里	ミノリ	36.236666666666665	140.325	25
40	a	1014	龍ケ崎	リュウガサキ	35.89	140.21166666666667	4
41	a	1015	五十里	イカリ	36.92166666666667	139.695	620
41	a	1016	足尾	アシオ	36.64666666666667	139.44833333333332	650
41	a	1017	烏山	カラスヤマ	36.65	140.14666666666668	162
41	a	1018	佐野	サノ	36.36333333333334	139.57	68
42	a	1019	みなかみ	ミナカミ	36.8	138.99166666666667	531
42	a	1020	中之条	ナカノジョウ	36.586666666666666	138.85	354
42	a	1021	伊勢崎	イセサキ	36.33166666666666	139.165	64
48	a	1022	南木曽	ナギソ	35.61	137.62	560
49	a	1023	大泉	オオイズミ	35.861666666666665	138.38666666666666	867
49	a	1024	韮崎	ニラサキ	35.693333333333335	138.44833333333332	341
61	a	1025	長岡京	ナガオカキョウ	34.93	135.67833333333334	71
31	a	1026	今別	イマベツ	41.18	140.48166666666665	30
31	a	1027	六ケ所	ロッカショ	40.885	141.27166666666668	80
33	a	1028	祭畤	マツルベ	39.01166666666666	140.865	350
34	a	1029	米山	ヨネヤマ	38.626666666666665	141.18833333333333	5
34	a	1030	塩釜	シオガマ	38.33833333333333	141.01333333333332	105
36	a	1031	西会津	ニシアイヅ	37.58833333333333	139.65666666666667	165
33	a	1032	好摩	コウマ	39.86833333333333	141.16666666666666	205
33	a	1033	山田	ヤマダ	39.45	141.95666666666668	24
36	a	1034	広野	ヒロノ	37.233333333333334	141.0	43
32	a	1035	大潟	オオガタ	40.0	139.95	-3
32	a	1036	男鹿	オガ	39.91166666666667	139.9	20
33	a	1037	大野	オオノ	40.281666666666666	141.66666666666666	200
35	a	1038	上草津	カミクサツ	38.995	140.02833333333334	178
35	a	1039	尾花沢	オバナザワ	38.608333333333334	140.41166666666666	106
35	a	1040	鼠ケ関	ネズガセキ	38.56666666666667	139.55166666666668	18
31	a	1041	大間	オオマ	41.526666666666664	140.91166666666666	14
31	a	1042	大和山	ヤマトヤマ	40.848333333333336	140.985	137
32	a	1043	八森	ハチモリ	40.413333333333334	139.94833333333332	34
36	a	1044	金山	カネヤマ	37.473333333333336	139.52833333333334	296
33	a	1045	衣川	コロモガワ	39.05	141.045	75
82	a	1046	添田	ソエダ	33.55833333333333	130.855	92
12	a	1047	朝日	アサヒ	44.11833333333333	142.595	225
12	a	1048	比布	ピップ	43.875	142.48	175
12	a	1049	層雲峡	ソウウンキョウ	43.75333333333333	142.93	540
32	a	1050	大正寺	ダイショウジ	39.526666666666664	140.23333333333332	20
11	a	1051	中頓別	ナカトンベツ	44.965	142.28	25
12	a	1052	美瑛	ビエイ	43.58833333333333	142.49333333333334	250
12	a	1053	幌加内	ホロカナイ	44.01	142.16	159
11	a	1054	豊富	トヨトミ	45.10666666666667	141.765	16
12	a	1055	和寒	ワッサム	44.028333333333336	142.41	150
18	a	1056	納沙布	ノサップ	43.39333333333333	145.75833333333333	12
52	a	1057	美濃	ミノ	35.555	136.91	68
52	a	1058	多治見	タジミ	35.346666666666664	137.10833333333332	120
52	a	1059	上石津	カミイシヅ	35.295	136.47333333333333	100
54	a	1060	下関	シモセキ	38.09166666666667	139.56333333333333	33
52	a	1061	栃尾	トチオ	36.248333333333335	137.50333333333333	765
62	a	1062	堺	サカイ	34.555	135.485	20
65	a	1063	清水	シミズ	34.086666666666666	135.425	240
91	a	1064	金武	キン	26.453333333333333	127.85833333333333	8
62	a	1065	枚方	ヒラカタ	34.80833333333333	135.67166666666665	26
52	a	1066	宮地	ミヤジ	35.763333333333335	137.28833333333333	450
21	a	1067	大滝	オオタキ	42.67	141.07833333333335	390
15	a	1068	栗沢	クリサワ	43.12166666666667	141.745	20
43	a	1069	鴻巣	コウノス	36.065	139.52166666666668	15
43	a	1070	所沢	トコロザワ	35.77333333333333	139.41333333333333	119
57	a	1071	三国	ミクニ	36.24333333333333	136.17333333333335	34
16	a	1072	真狩	マッカリ	42.775	140.88	440
17	a	1073	西興部	ニシオコッペ	44.33166666666666	142.93666666666667	120
65	a	1074	本宮	ホングウ	33.836666666666666	135.77333333333334	60
85	a	1075	伊万里	イマリ	33.266666666666666	129.87833333333333	25
14	a	1076	西野幌	ニシノッポロ	43.04333333333334	141.54	22
73	a	1077	今治	イマバリ	34.053333333333335	132.975	27
33	a	1078	薮川	ヤブカワ	39.78333333333333	141.32833333333335	680
31	a	1079	酸ケ湯	スカユ	40.64833333333333	140.84833333333333	890
84	a	1080	有川	アリカワ	32.98166666666667	129.11833333333334	11
86	a	1081	三角	ミスミ	32.611666666666665	130.47833333333332	60
40	a	1082	筑波山	ツクバサン	36.225	140.09833333333333	868
60	a	1083	南小松	ミナミコマツ	35.235	135.95666666666668	90
84	a	1084	大村	オオムラ	32.916666666666664	129.91333333333333	3
14	a	1085	石狩	イシカリ	43.193333333333335	141.37	5
86	a	1086	湯前横谷	ユノマエヨコタニ	32.263333333333335	131.04333333333332	665
60	a	1087	柳ケ瀬	ヤナガセ	35.58166666666666	136.18833333333333	220
86	a	1088	茶臼峠	チャウストウゲ	32.355	130.90833333333333	1060
65	a	1089	龍神	リュウジン	33.945	135.55666666666667	410
48	a	1090	南小谷	ミナミオタリ	36.8	137.905	467
16	a	1091	赤井川	アカイガワ	43.083333333333336	140.82	148
17	a	1092	白滝	シラタキ	43.865	143.15333333333334	475
68	a	1093	桜江	サクラエ	34.95333333333333	132.33333333333334	32
68	a	1094	瑞穂	ミズホ	34.85333333333333	132.53	327
68	a	1095	伯太	ハクタ	35.35	133.27333333333334	23
46	a	1096	丹沢湖	タンザワコ	35.41	139.04333333333332	330
22	a	1097	仁世宇	ニセウ	42.77166666666667	142.35833333333332	150
71	a	1098	福原旭	フクハラアサヒ	33.87833333333333	134.38833333333332	290
20	a	1099	三国山	ミクニヤマ	43.568333333333335	143.14	940
81	a	1100	羅漢山	ラカンザン	34.35	132.06333333333333	945
81	a	1101	長野山	ナガノヤマ	34.278333333333336	131.88166666666666	970
54	a	1102	鍵取	カギトリ	37.57	139.38333333333333	150
35	a	1103	山毛欅潰山	ブナツブレヤマ	37.91166666666667	139.815	890
88	a	1104	矢止岳	ヤドメダケ	31.85333333333333	130.55833333333334	500
50	a	1105	熊	クマ	34.958333333333336	137.73333333333332	375
50	a	1106	三倉	ミクラ	34.96	137.94333333333333	121
19	a	1107	二俣	フタマタ	42.971666666666664	143.875	45
31	a	1108	岳	ダケ	40.62833333333333	140.26333333333332	438
32	a	1109	東成瀬	ヒガシナルセ	39.178333333333335	140.64833333333334	191
31	a	1110	長慶平	チョウケイダイラ	40.61833333333333	139.99666666666667	242
54	a	1111	赤谷	アカダニ	37.835	139.415	135
13	a	1112	古丹別	コタンベツ	44.265	141.72166666666666	15
33	a	1113	米里	ヨネサト	39.233333333333334	141.31	170
50	a	1114	梅ケ島	ウメガシマ	35.236666666666665	138.34166666666667	430
32	a	1115	比立内	ヒタチナイ	39.903333333333336	140.45	210
36	a	1116	鷲倉	ワシクラ	37.66833333333334	140.26	1220
32	a	1117	東由利	ヒガシユリ	39.305	140.28833333333333	117
33	a	1118	沢内	サワウチ	39.48	140.79666666666665	327
31	a	1119	市浦	シウラ	41.056666666666665	140.34666666666666	20
33	a	1120	荒屋	アラヤ	40.10333333333333	141.05	290
31	a	1122	小田野沢	オダノサワ	41.235	141.39666666666668	6
33	a	1123	普代	フダイ	40.00333333333333	141.88333333333333	8
31	a	1124	脇野沢	ワキノサワ	41.145	140.82166666666666	15
35	a	1125	肘折	ヒジオリ	38.60666666666667	140.16333333333333	330
34	a	1126	駒ノ湯	コマノユ	38.913333333333334	140.82833333333335	525
36	a	1127	上遠野	カトオノ	37.00833333333333	140.73666666666668	125
33	a	1128	紫波	シワ	39.54666666666667	141.12666666666667	125
36	a	1129	川内	カワウチ	37.336666666666666	140.80833333333334	410
36	a	1130	飯舘	イイタテ	37.665	140.72666666666666	460
32	a	1131	阿仁合	アニアイ	39.99333333333333	140.40333333333334	120
35	a	1132	高畠	タカハタ	38.00333333333333	140.20666666666668	220
44	a	1133	府中	フチュウ	35.68333333333333	139.48333333333332	59
44	a	1134	新島	ニイジマ	34.373333333333335	139.25166666666667	9
87	a	1135	古江	フルエ	32.711666666666666	131.82	14
88	a	1136	田代	タシロ	31.198333333333334	130.84333333333333	182
83	a	1137	国見	クニミ	33.675	131.59	14
84	a	1138	有川	アリカワ	32.98166666666667	129.11833333333334	11
88	a	1139	伊仙	イセン	27.676666666666666	128.97333333333333	44
66	a	1140	奈義	ナギ	35.111666666666665	134.17	212
82	a	1141	太宰府	ダザイフ	33.49666666666667	130.49	52
83	a	1142	宇目	ウメ	32.845	131.675	200
84	a	1144	芦辺	アシベ	33.8	129.72166666666666	97
91	a	1145	伊原間	イバルマ	24.508333333333333	124.28	15
88	a	1146	輝北	キホク	31.588333333333335	130.855	360
91	a	1147	伊是名	イゼナ	26.948333333333334	127.94	14
88	a	1149	大隅	オオスミ	31.58	131.005	170
36	a	1150	津島	ツシマ	37.56	140.75333333333333	400
91	a	1152	渡嘉敷	トカシキ	26.21	127.36333333333333	220
52	a	1153	平井	ヒライ	35.56666666666667	136.72833333333332	325
54	a	1154	小国	オグニ	37.291666666666664	138.70166666666665	83
54	a	1155	松代	マツダイ	37.13166666666667	138.60666666666665	210
86	a	1156	屋形山	ヤカタヤマ	32.31	130.735	780
83	a	1157	別府	ベップ	33.35	131.475	263
86	a	1158	五家荘	ゴカノシヨウ	32.49	130.905	580
43	a	1159	浦山	ウラヤマ	35.92	139.07	400
61	a	1160	睦寄	ムツヨリ	35.38166666666667	135.45333333333335	175
88	a	1161	佐多	サタ	31.093333333333334	130.69	27
48	a	1162	鬼無里	キナサ	36.68833333333333	137.965	778
67	a	1163	志和	シワ	34.498333333333335	132.66	215
87	a	1164	深瀬	フカセ	31.636666666666667	131.25	130
49	a	1165	上野原	ウエノハラ	35.62	139.105	187
51	a	1166	小原	オバラ	35.22833333333333	137.285	290
32	a	1167	鎧畑	ヨロイバタ	39.775	140.665	281
33	a	1168	葛根田	カッコンダ	39.776666666666664	140.945	350
35	a	1169	落合	オチアイ	38.605	139.835	99
40	a	1170	中野	ナカノ	36.515	140.47333333333333	17
56	a	1171	白山白峰	ハクサンシラミネ	36.18	136.625	470
65	a	1172	色川	イロカワ	33.675	135.84833333333333	275
40	a	1173	徳田	トクダ	36.778333333333336	140.48166666666665	270
42	a	1174	片品	カタシナ	36.77166666666667	139.23833333333334	868
68	a	1175	波佐	ハザ	34.78	132.19666666666666	370
68	a	1176	匹見	ヒキミ	34.571666666666665	132.01666666666668	259
69	a	1177	関金	セキガネ	35.37833333333333	133.75666666666666	150
69	a	1178	若桜	ワカサ	35.333333333333336	134.405	231
74	a	1179	池川	イケガワ	33.608333333333334	133.16833333333332	150
44	a	1180	小沢	オザワ	35.735	139.12333333333333	420
88	a	1181	肝付前田	キモツキマエダ	31.34	130.93833333333333	31
43	a	1182	上吉田	カミヨシダ	36.053333333333335	138.98	275
31	a	1183	七戸	シチノヘ	40.708333333333336	141.12833333333333	57
12	a	1184	東川	ヒガシカワ	43.70166666666667	142.50833333333333	215
12	a	1185	志比内	シビナイ	43.64333333333333	142.58166666666668	310
19	a	1186	鶴居	ツルイ	43.23166666666667	144.325	38
19	a	1187	弟子屈	テシカガ	43.51	144.46666666666667	170
12	a	1188	幾寅	イクトラ	43.16833333333334	142.56833333333333	350
12	a	1189	占冠	シムカップ	42.97833333333333	142.395	332
12	a	1190	上富良野	カミフラノ	43.455	142.465	220
12	a	1191	江丹別	エタンベツ	43.87	142.26	140
19	a	1192	太田	オオタ	43.09	144.77833333333334	85
14	a	1193	浜益	ハママス	43.58166666666666	141.38666666666666	3
14	a	1194	厚田	アツタ	43.39666666666667	141.43666666666667	5
19	a	1195	榊町	サカキマチ	43.12	145.11	2
18	a	1196	厚床	アットコ	43.221666666666664	145.22666666666666	41
12	a	1197	音威子府	オトイネップ	44.72666666666667	142.265	40
22	a	1198	三石	ミツイシ	42.245	142.66166666666666	10
24	a	1199	奥尻	オクシリ	42.248333333333335	139.55666666666667	5
24	a	1200	鶉	ウズラ	41.93	140.31166666666667	53
12	a	1201	中川	ナカガワ	44.82833333333333	142.07666666666665	22
22	a	1202	日高	ヒダカ	42.876666666666665	142.44166666666666	280
11	a	1203	沼川	ヌマカワ	45.248333333333335	141.85166666666666	23
20	a	1204	駒場	コマバ	43.05	143.18333333333334	112
24	a	1205	石崎	イシザキ	41.7	140.02833333333334	5
33	a	1206	住田	スミタ	39.141666666666666	141.57333333333332	80
11	a	1207	船泊	フナドマリ	45.43666666666667	141.035	8
16	a	1208	神恵内	カモエナイ	43.145	140.42333333333335	50
17	a	1209	境野	サカイノ	43.70666666666666	143.64333333333335	184
20	a	1210	上札内	カミサツナイ	42.641666666666666	143.09666666666666	251
20	a	1211	更別	サラベツ	42.651666666666664	143.195	185
33	a	1212	小本	オモト	39.846666666666664	141.96333333333334	3
13	a	1213	焼尻	ヤギシリ	44.428333333333335	141.42166666666665	38
20	a	1214	大津	オオツ	42.685	143.64666666666668	4
33	a	1215	奥中山	オクナカヤマ	40.06	141.225	430
13	a	1216	初山別	ショサンベツ	44.52333333333333	141.77	27
13	a	1217	達布	タップ	44.04833333333333	141.85666666666665	30
13	a	1218	幌糠	ホロヌカ	43.85333333333333	141.76	20
33	a	1219	山形	ヤマガタ	40.14833333333333	141.57166666666666	290
34	a	1220	丸森	マルモリ	37.931666666666665	140.77833333333334	18
41	a	1221	土呂部	ドロブ	36.891666666666666	139.56833333333333	925
42	a	1222	藤原	フジワラ	36.86333333333333	139.05833333333334	700
42	a	1223	神流	カンナ	36.108333333333334	138.89666666666668	357
33	a	1224	川井	カワイ	39.598333333333336	141.68166666666667	192
33	a	1225	門馬	カドマ	39.63333333333333	141.43666666666667	620
57	a	1226	勝山	カツヤマ	36.038333333333334	136.52166666666668	196
63	a	1227	三木	ミキ	34.776666666666664	135.01333333333332	145
64	a	1228	風屋	カゼヤ	34.045	135.78666666666666	301
74	a	1229	大栃	オオドチ	33.69833333333333	133.875	210
53	a	1230	鳥羽	トバ	34.48166666666667	136.825	2
69	a	1231	塩津	シオツ	35.52333333333333	133.56666666666666	15
43	a	1232	鳩山	ハトヤマ	35.985	139.335	44
74	a	1233	佐賀	サガ	33.07833333333333	133.10166666666666	3
49	a	1234	切石	キリイシ	35.46666666666667	138.44166666666666	226
74	a	1235	江川崎	エカワサキ	33.17	132.79166666666666	72
45	a	1236	船橋	フナバシ	35.711666666666666	140.04333333333332	28
83	a	1237	杵築	キツキ	33.416666666666664	131.59666666666666	5
45	a	1238	牛久	ウシク	35.39666666666667	140.14833333333334	30
72	a	1239	財田	サイタ	34.12	133.77166666666668	65
86	a	1240	阿蘇乙姫	アソオトヒメ	32.94	131.04	497
45	a	1241	坂畑	サカハタ	35.235	140.09833333333333	120
71	a	1242	蒲生田	カモダ	33.836666666666666	134.74166666666667	10
50	a	1243	清水	シミズ	35.053333333333335	138.52166666666668	3
50	a	1244	磐田	イワタ	34.69166666666667	137.88	3
40	a	1245	鉾田	ホコタ	36.16833333333334	140.52666666666667	32
91	a	1246	伊良部	イラブ	24.826666666666668	125.17166666666667	10
91	a	1247	多良間	タラマ	24.666666666666668	124.69666666666667	16
91	a	1248	城辺	グスクベ	24.743333333333332	125.41	55
74	a	1249	後免	ゴメン	33.59	133.64333333333335	12
91	a	1250	川平	カビラ	24.466666666666665	124.14	7
91	a	1251	大原	オオハラ	24.265	123.87166666666667	33
71	a	1252	京上	キョウジョウ	33.86666666666667	133.90333333333334	560
53	a	1255	宮川	ミヤガワ	34.278333333333336	136.20833333333334	205
54	a	1256	高根	タカネ	38.33	139.605	80
67	a	1257	王泊	オオドマリ	34.69833333333333	132.31166666666667	525
53	a	1258	南伊勢	ミナミイセ	34.345	136.68166666666667	6
42	a	1259	黒保根	クロホネ	36.501666666666665	139.28333333333333	285
73	a	1260	富郷	トミサト	33.915	133.51	310
81	a	1261	和田	ワダ	34.14833333333333	131.735	140
67	a	1262	八幡	ヤワタ	34.708333333333336	132.17333333333335	774
17	a	1263	東藻琴	ヒガシモコト	43.84	144.285	58
22	a	1264	幌満	ホロマン	42.07666666666667	143.035	0
23	a	1265	千軒	センゲン	41.55833333333333	140.27166666666668	100
18	a	1266	糸櫛別	イトクシベツ	43.721666666666664	144.98833333333334	115
34	a	1267	花山	ハナヤマ	38.77333333333333	140.86666666666667	150
36	a	1268	長沼	ナガヌマ	37.288333333333334	140.21833333333333	317
36	a	1269	舘岩	タテイワ	37.09166666666667	139.53166666666667	690
15	a	1270	晩生内	オソキナイ	43.405	141.75	140
15	a	1271	桜山	サクラヤマ	43.681666666666665	141.85	230
31	a	1272	戸来	ヘライ	40.468333333333334	141.17666666666668	125
32	a	1273	藤里	フジサト	40.32	140.29333333333332	68
36	a	1274	川前	カワマエ	37.24666666666667	140.72333333333333	492
87	a	1275	見立	ミタテ	32.78333333333333	131.44833333333332	530
22	a	1276	目黒	メグロ	42.126666666666665	143.31333333333333	17
88	a	1277	与論島	ヨロンジマ	27.043333333333333	128.40166666666667	14
32	a	1278	桧木内	ヒノキナイ	39.81166666666667	140.585	255
12	a	1279	朱鞠内	シュマリナイ	44.281666666666666	142.16166666666666	255
12	a	1280	麓郷	ロクゴウ	43.30166666666667	142.52166666666668	315
74	a	1281	魚梁瀬	ヤナセ	33.615	134.10833333333332	450
36	a	1282	桧原	ヒバラ	37.721666666666664	140.05833333333334	824
19	a	1283	知方学	チッポマナイ	42.93833333333333	144.735	149
11	a	1284	宗谷岬	ソウヤミサキ	45.52	141.935	26
11	a	1285	浜鬼志別	ハマオニシベツ	45.335	142.17	13
20	a	1286	糠内	ヌカナイ	42.78666666666667	143.32833333333335	70
15	a	1287	空知吉野	ソラチヨシノ	43.595	141.73166666666665	100
22	a	1288	中杵臼	ナカキネウス	42.223333333333336	142.94833333333332	80
32	a	1289	八幡平	ハチマンタイ	40.013333333333335	140.80166666666668	578
34	a	1290	江ノ島	エノシマ	38.39833333333333	141.59666666666666	40
35	a	1291	飛島	トビシマ	39.18333333333333	139.54333333333332	58
35	a	1292	大井沢	オオイサワ	38.39	139.99333333333334	440
36	a	1293	茂庭	モニワ	37.891666666666666	140.43666666666667	200
36	a	1294	湯本	ユモト	37.276666666666664	140.06333333333333	640
36	a	1295	桧枝岐	ヒノエマタ	37.02333333333333	139.38666666666666	930
88	a	1296	喜界島	キカイジマ	28.32	129.92666666666668	5
54	a	1297	平岩	ヒライワ	36.88666666666667	137.86333333333334	260
34	a	1298	筆甫	ヒッポ	37.82666666666667	140.72833333333332	305
52	a	1299	長滝	ナガタキ	35.92333333333333	136.83166666666668	430
48	a	1300	立科	タテシナ	36.27166666666667	138.31333333333333	715
52	a	1301	揖斐川	イビガワ	35.485	136.56666666666666	45
54	a	1302	大潟	オオガタ	37.225	138.325	13
61	a	1303	美山	ミヤマ	35.275	135.55	200
69	a	1304	茶屋	チャヤ	35.18666666666667	133.23	490
52	a	1305	六厩	ムマヤ	36.06	137.035	1015
52	a	1306	白川	シラカワ	36.27333333333333	136.89666666666668	478
68	a	1307	海士	アマ	36.096666666666664	133.09666666666666	3
52	a	1308	河合	カワイ	36.305	137.1	471
55	a	1309	氷見	ヒミ	36.86333333333333	136.96	7
68	a	1310	出雲	イズモ	35.33166666666666	132.73	20
52	a	1311	宮之前	ミヤノマエ	36.015	137.38833333333332	930
48	a	1312	奈川	ナガワ	36.08833333333333	137.68333333333334	1068
52	a	1313	黒川	クロカワ	35.598333333333336	137.31833333333333	517
48	a	1314	開田高原	カイダコウゲン	35.93833333333333	137.60166666666666	1130
54	a	1315	弾崎	ハジキザキ	38.33	138.51166666666666	58
57	a	1316	越廼	コシノ	36.01166666666666	135.99	30
48	a	1317	浪合	ナミアイ	35.373333333333335	137.69166666666666	940
54	a	1318	中条	ナカジョウ	38.06	139.40833333333333	27
48	a	1319	辰野	タツノ	35.98166666666667	137.98333333333332	729
68	a	1320	赤名	アカナ	35.001666666666665	132.71166666666667	444
68	a	1321	弥栄	ヤサカ	34.776666666666664	132.10833333333332	380
68	a	1322	六日市	ムイカイチ	34.35333333333333	131.935	311
48	a	1323	南信濃	ミナミシナノ	35.321666666666665	137.93166666666667	407
56	a	1324	小松	コマツ	36.38166666666667	136.435	3
67	a	1325	油木	ユキ	34.763333333333335	133.27833333333334	510
67	a	1326	廿日市津田	ハツカイチツタ	34.365	132.19	317
71	a	1327	半田	ハンダ	33.99	134.03666666666666	228
66	a	1328	上長田	カミナガタ	35.29666666666667	133.725	430
21	a	1329	洞爺湖温泉	トウヤコオンセン	42.565	140.80666666666667	85
66	a	1330	千屋	チヤ	35.10333333333333	133.435	525
40	a	1331	常陸大宮	ヒタチオオミヤ	36.60666666666667	140.325	95
33	a	1332	下戸鎖	シモトクサリ	40.083333333333336	141.71166666666667	239
41	a	1333	今市	イマイチ	36.72666666666667	139.67666666666668	414
41	a	1334	塩谷	シオヤ	36.75666666666667	139.88333333333333	225
50	a	1335	菊川牧之原	キクガワマキノハラ	34.785	138.13833333333332	191
68	a	1336	福光	フクミツ	35.07	132.33333333333334	8
63	a	1337	南淡	ナンダン	34.218333333333334	134.72	5
50	a	1338	井川	イカワ	35.21666666666667	138.22166666666666	755
48	a	1339	阿南	アナン	35.31333333333333	137.81166666666667	610
22	a	1340	えりも岬	エリモミサキ	41.925	143.24333333333334	63
51	a	1341	鳳来	ホウライ	34.931666666666665	137.575	81
65	a	1342	かつらぎ	カツラギ	34.31	135.52833333333334	142
87	a	1343	諸塚	モロツカ	32.516666666666666	131.335	150
51	a	1344	蒲郡	ガマゴオリ	34.845	137.21666666666667	55
87	a	1345	西米良	ニシメラ	32.23	131.15166666666667	250
51	a	1346	愛西	アイサイ	35.21666666666667	136.69833333333332	5
65	a	1347	西川	ニシカワ	33.638333333333335	135.71	150
87	a	1348	鞍岡	クラオカ	32.64333333333333	131.15666666666667	590
53	a	1349	紀伊長島	キイナガシマ	34.208333333333336	136.32666666666665	3
73	a	1350	近永	チカナガ	33.25333333333333	132.675	129
74	a	1351	本川	ホンガワ	33.765	133.33833333333334	550
71	a	1352	木頭	キトウ	33.77166666666667	134.205	330
87	a	1353	神門	ミカド	32.385	131.33166666666668	250
91	a	1354	波照間	ハテルマ	24.055	123.76666666666667	38
53	a	1356	白山	ハクサン	34.625	136.32166666666666	60
35	a	1357	荒沢	アラサワ	38.50666666666667	139.78166666666667	273
71	a	1358	旭丸	アサヒマル	33.93333333333333	134.32666666666665	1200
36	a	1359	吉尾峠	ヨシオトウゲ	37.346666666666664	139.55666666666667	705
48	a	1360	聖高原	ヒジリコウゲン	36.486666666666665	138.06833333333333	985
60	a	1361	霜ケ原	シモガハラ	35.19833333333333	136.33833333333334	420
68	a	1362	原山	ハラヤマ	34.865	132.405	741
52	a	1363	大日	ダイニチ	36.01833333333333	136.88166666666666	1178
36	a	1364	六十里越	ロクジュウリゴエ	37.303333333333335	139.21666666666667	860
34	a	1365	泉ケ岳	イズミガダケ	38.406666666666666	140.72166666666666	630
64	a	1366	高見	タカミ	34.42333333333333	136.07166666666666	830
81	a	1367	篠生	シノブ	34.303333333333335	131.57666666666665	205
86	a	1368	五木	イツキ	32.395	130.82666666666665	310
54	a	1369	三面	ミオモテ	38.24666666666667	139.605	45
54	a	1370	大湯	オオユ	37.205	139.06166666666667	240
66	a	1371	恩原	オンバラ	35.3	133.98666666666668	734
35	a	1372	中津川	ナカツガワ	37.91	139.84333333333333	390
91	a	1373	本部	モトブ	26.685	127.89833333333333	25
91	a	1374	東	ヒガシ	26.631666666666668	128.15333333333334	24
42	a	1375	高手山	タカテヤマ	36.75	139.09833333333333	1115
64	a	1376	葛城	カツラギ	34.48833333333334	135.70333333333335	141
64	a	1377	壷坂	ツボサカ	34.42333333333333	135.81	360
61	a	1378	須知	シュウチ	35.17666666666667	135.42	150
61	a	1379	三岳	ミタケ	35.36666666666667	135.05	118
61	a	1380	綾部	アヤベ	35.29333333333334	135.25833333333333	51
53	a	1381	阿児	アゴ	34.30833333333333	136.87333333333333	31
57	a	1382	九頭竜	クズリュウ	35.90833333333333	136.66833333333332	436
61	a	1383	三和	ミワ	35.21666666666667	135.23166666666665	105
52	a	1384	付知	ツケチ	35.66166666666667	137.42666666666668	461
69	a	1385	佐治	サジ	35.32833333333333	134.11333333333334	210
36	a	1386	湖南	コナン	37.388333333333335	140.09	536
52	a	1387	御母衣	ミボロ	36.14666666666667	136.90833333333333	640
40	a	1388	門井	カドイ	36.333333333333336	140.03333333333333	40
69	a	1389	江尾	エビ	35.288333333333334	133.48333333333332	155
52	a	1390	小津	オヅ	35.56166666666667	136.54	573
69	a	1391	鹿野	シカノ	35.413333333333334	134.01666666666668	210
48	a	1392	網掛山	アミカケヤマ	35.44833333333333	137.69666666666666	1120
50	a	1393	三倉	ミクラ	34.895	137.94	114
48	a	1394	大鹿	オオシカ	35.556666666666665	138.04	718
54	a	1395	塩沢	シオザワ	37.038333333333334	138.84666666666666	195
52	a	1396	十二岳	ジュウニダケ	36.18833333333333	137.36833333333334	1010
48	a	1397	杉島	スギシマ	35.72666666666667	138.09333333333333	905
54	a	1398	宮寄上	ミヤヨリカミ	37.58	139.14	125
48	a	1399	十石峠	ジッコクトウゲ	36.108333333333334	138.645	1370
15	a	1400	浦臼	ウラウス	43.428333333333335	141.80833333333334	25
15	a	1401	鹿島	カシマ	43.08	142.1	310
15	a	1402	沼の沢	ヌマノサワ	42.96	142.02	161
19	a	1403	塘路	トウロ	43.14833333333333	144.49666666666667	25
20	a	1404	小利別	ショウトシベツ	43.58833333333333	143.68	313
20	a	1405	押帯	オショップ	43.115	143.44333333333333	104
31	a	1406	温川	ヌルカワ	40.515	140.78333333333333	404
32	a	1407	笹子	ジネゴ	39.10333333333333	140.29333333333332	200
32	a	1408	藤原	フジワラ	40.355	140.78	280
20	a	1409	柏倉	カシワクラ	43.361666666666665	143.45833333333334	378
20	a	1410	上螺湾	カミラワン	43.318333333333335	143.80166666666668	232
48	a	1411	小谷	オタリ	36.821666666666665	137.93	550
55	a	1412	宇奈月	ウナヅキ	36.846666666666664	137.55666666666667	160
55	a	1413	平	タイラ	36.43333333333333	136.95	282
55	a	1414	大山	オオヤマ	36.608333333333334	137.28333333333333	128
55	a	1415	細入	ホソイリ	36.495	137.24	185
23	a	1416	蛾眉野	ガビノ	41.79833333333333	140.95	68
19	a	1417	茶内原野	チャナイゲンヤ	43.17333333333333	144.96666666666667	70
20	a	1418	留真	ルシン	42.916666666666664	143.66166666666666	40
15	a	1419	新城	シンジョウ	43.611666666666665	142.20333333333335	147
17	a	1420	丸瀬布	マルセップ	43.95166666666667	143.32833333333335	242
40	a	1421	大能	オオノウ	36.74333333333333	140.59333333333333	395
32	a	1422	男鹿真山	オガシンザン	39.93833333333333	139.78166666666667	84
53	a	1423	御浜	ミハマ	33.85166666666667	135.98	130
54	a	1424	樽本	タルモト	36.89	138.275	625
32	a	1425	仁別	ニベツ	39.8	140.21666666666667	179
54	a	1426	川谷	カワダニ	37.2	138.51666666666668	206
54	a	1427	筒方	ドウガタ	37.03	138.34333333333333	255
35	a	1428	白鷹山	シラタカヤマ	38.221666666666664	140.185	860
21	a	1429	カルルス	カルルス	42.516666666666666	141.10666666666665	300
22	a	1430	旭	アサヒ	42.62833333333333	142.39333333333335	245
87	a	1432	北方	キタカタ	32.56166666666667	131.525	30
87	a	1433	上椎葉	カミシイバ	32.465	131.15666666666667	420
86	a	1435	山江	ヤマエ	32.30166666666667	130.74666666666667	218
52	a	1436	ひるがの	ヒルガノ	36.01	136.89333333333335	885
52	a	1437	清見	キヨミ	36.18	137.045	740
52	a	1438	丹生川	ニュウカワ	36.18666666666667	137.37166666666667	910
64	a	1439	吉野	ヨシノ	34.37833333333333	135.9	188
50	a	1440	鍵穴	カギアナ	35.04833333333333	138.24666666666667	160
84	a	1441	野母崎	ノモザキ	32.57833333333333	129.74	190
84	a	1442	深江	フカエ	32.72666666666667	130.315	200
46	a	1443	辻堂	ツジドウ	35.32	139.45	5
54	a	1444	室谷	ムロヤ	37.55	139.37	200
48	a	1445	伊那	イナ	35.82666666666667	137.95333333333335	633
84	a	1446	普賢岳	フゲンダケ	32.75	130.285	1100
33	a	1447	区界	クザカイ	39.65	141.35333333333332	760
63	a	1448	淡路町	アワジチョウ	34.58833333333333	135.01666666666668	3
63	a	1449	芦屋	アシヤ	34.74166666666667	135.30666666666667	50
63	a	1450	神戸塩屋	コウベシオヤ	34.641666666666666	135.075	60
84	a	1451	百花台	ヒャッカダイ	32.82	130.29166666666666	210
84	a	1452	千々石	チヂワ	32.78666666666667	130.19833333333332	20
84	a	1453	鰐浦	ワニウラ	34.69833333333333	129.445	63
57	a	1454	大飯	オオイ	35.48	135.61666666666667	3
55	a	1455	猪谷	イノタニ	36.473333333333336	137.23666666666668	215
73	a	1456	瀬戸	セト	33.446666666666665	132.25666666666666	143
65	a	1457	友ケ島	トモガシマ	34.28	135.0	43
12	a	1458	東神楽	ヒガシカグラ	43.67	142.44666666666666	211
14	a	1459	千歳	チトセ	42.775	141.69166666666666	22
17	a	1460	女満別	メマンベツ	43.88	144.16333333333333	33
19	a	1461	鶴丘	ツルオカ	43.04	144.19166666666666	95
23	a	1462	高松	タカマツ	41.77	140.82166666666666	34
32	a	1463	脇神	ワキガミ	40.19166666666667	140.37166666666667	84
34	a	1464	名取	ナトリ	38.138333333333335	140.91666666666666	2
35	a	1465	浜中	ハマナカ	38.81166666666667	139.78666666666666	22
36	a	1466	玉川	タマカワ	37.22666666666667	140.42666666666668	372
44	a	1467	大島北ノ山	オオシマキタノヤマ	34.781666666666666	139.36	38
44	a	1468	八重見ヶ原	ヤエミガハラ	33.115	139.785	92
54	a	1469	松浜	マツハマ	37.955	139.11166666666668	1
62	a	1470	八尾	ヤオ	34.596666666666664	135.6	10
62	a	1471	関空島	カンクウジマ	34.43333333333333	135.23166666666665	5
67	a	1472	本郷	ホンゴウ	34.435	132.91833333333332	331
68	a	1473	西郷岬	サイゴウミサキ	36.178333333333335	133.32333333333332	80
68	a	1474	高津	タカツ	34.675	131.79	54
72	a	1475	香南	コウナン	34.21333333333333	134.015	185
74	a	1476	南国日章	ナンコクニッショウ	33.545	133.66833333333332	9
82	a	1477	博多	ハカタ	33.583333333333336	130.45166666666665	9
84	a	1478	石田	イシダ	33.748333333333335	129.785	12
84	a	1479	上大津	カミオオヅ	32.665	128.83166666666668	77
85	a	1480	川副	カワソエ	33.14833333333333	130.30166666666668	2
87	a	1481	赤江	アカエ	31.876666666666665	131.44833333333332	6
91	a	1482	安次嶺	アシミネ	26.195	127.645	3
91	a	1483	鏡原	カガミハラ	24.781666666666666	125.295	43
91	a	1484	真栄里	マエザト	24.343333333333334	124.18666666666667	26
65	a	1485	川辺	カワベ	33.89333333333333	135.21666666666667	84
56	a	1486	穴水	アナミズ	37.27166666666667	136.91666666666666	170
17	a	1487	紋別小向	モンベツコムカイ	44.303333333333335	143.40333333333334	18
35	a	1488	東根	ヒガシネ	38.41166666666667	140.37	105
18	a	1489	根室中標津	ネムロナカシベツ	43.57666666666667	144.96	65
91	a	1490	下地	シモジ	24.826666666666668	125.14333333333333	8
91	a	1491	仲筋	ナカスジ	24.653333333333332	124.675	10
91	a	1493	所野	トコロノ	24.466666666666665	122.97833333333334	15
91	a	1494	志多阿原	シタアバル	24.058333333333334	123.80333333333333	13
31	a	1495	青森大谷	アオモリオオタニ	40.733333333333334	140.68833333333333	198
21	a	1496	豊浦	トヨウラ	42.583333333333336	140.70833333333334	5
43	a	1497	ときがわ	トキガワ	35.99	139.20666666666668	295
21	a	1498	花和	ハナワ	42.61666666666667	140.75666666666666	282
21	a	1499	虻田	アブタ	42.55	140.76666666666668	15
21	a	1500	壮瞥	ソウベツ	42.555	140.85333333333332	110
21	a	1501	入江	イリエ	42.54333333333334	140.785	38
21	a	1502	月浦	ツキウラ	42.59166666666667	140.78833333333333	97
21	a	1503	北有珠	キタウス	42.52166666666667	140.83333333333334	165
21	a	1504	洞爺湖畔	トウヤコハン	42.568333333333335	140.80166666666668	105
44	a	1505	神津島	コウヅシマ	34.205	139.13333333333333	28
44	a	1506	三宅坪田	ミヤケツボタ	34.07333333333333	139.56	20
14	a	1507	江別	エベツ	43.11	141.60166666666666	8
33	a	1508	大槌	オオツチ	39.43833333333333	141.80666666666667	120
44	a	1509	三宅島阿古	ミヤケジマアコ	34.08	139.48166666666665	30
20	a	1510	帯広泉	オビヒロイズミ	42.733333333333334	143.21666666666667	149
32	a	1511	雄和	ユウワ	39.615	140.21833333333333	91
11	a	1512	本泊	モトドマリ	45.24166666666667	141.18666666666667	30
24	a	1513	米岡	ヨネオカ	42.071666666666665	139.43166666666667	49
54	a	1514	秋津	アキツ	38.06	138.41333333333333	30
91	a	1515	粟国	アグニ	26.591666666666665	127.24	12
91	a	1516	慶良間	ケラマ	26.168333333333333	127.29333333333334	48
91	a	1517	北大東	キタダイトウ	25.943333333333335	131.32666666666665	22
91	a	1518	旧東	キュウトウ	25.846666666666668	131.26333333333332	48
69	a	1519	湖山	コヤマ	35.53	134.165	15
88	a	1520	笠利	カサリ	28.43	129.71166666666667	4
73	a	1521	松山南吉田	マツヤマミナミヨシダ	33.82666666666667	132.69833333333332	4
44	a	1522	新島	ニイジマ	34.36833333333333	139.26833333333335	29
44	a	1523	神津島	コウヅシマ	34.18833333333333	139.13333333333333	138
60	a	1524	米原	マイバラ	35.38333333333333	136.34333333333333	147
44	a	1525	三宅伊豆	ミヤケイズ	34.12	139.50333333333333	50
34	a	1526	鴬沢	ウグイスザワ	38.805	140.94833333333332	33
82	a	1527	曽根	ソネ	33.835	130.94666666666666	3
11	a	1528	声問	コエトイ	45.403333333333336	141.8	8
48	a	1529	松本今井	マツモトイマイ	36.166666666666664	137.92166666666665	658
40	a	1530	下館	シモダテ	36.281666666666666	139.98833333333334	24
66	a	1531	日応寺	ニチオウジ	34.75666666666667	133.855	239
53	a	1532	熊野新鹿	クマノアタシカ	33.931666666666665	136.13833333333332	23
55	a	1533	秋ヶ島	アキガシマ	36.64833333333333	137.18666666666667	24
91	a	1534	北原	キタハラ	26.363333333333333	126.71333333333334	7
84	a	1535	小値賀	オヂカ	33.19	129.09	8
84	a	1536	頭ヶ島	カシラガシマ	33.013333333333335	129.19166666666666	80
57	a	1537	春江	ハルエ	36.141666666666666	136.22333333333333	5
84	a	1538	美津島	ミツシマ	34.285	129.33	63
35	a	1539	村山	ムラヤマ	38.46	140.34833333333333	80
88	a	1540	中之島	ナカノシマ	29.84	129.86666666666667	220
51	a	1541	新城	シンシロ	34.906666666666666	137.51833333333335	53
88	a	1542	天城	アマギ	27.835	128.88	2
23	a	1543	戸井泊	トイトマリ	41.71666666666667	141.00333333333333	20
56	a	1544	三井	ミイ	37.29333333333334	136.96166666666667	219
56	a	1545	宝達志水	ホウダツシミズ	36.788333333333334	136.76833333333335	90
11	a	1546	礼文	レブン	45.305	141.045	65
18	a	1547	上標津	カミシベツ	43.52	144.74666666666667	181
48	a	1549	北相木	キタアイキ	36.071666666666665	138.61166666666668	1185
48	a	1550	白樺湖	シラカバコ	36.105	138.22833333333332	1440
48	a	1551	高遠	タカトオ	35.95333333333333	138.10833333333332	1075
23	a	1552	知内	シリウチ	41.598333333333336	140.375	24
55	a	1553	五箇山	ゴカヤマ	36.43	136.94166666666666	357
83	a	1554	椿ヶ鼻	ツバキガハナ	33.19	130.915	843
51	a	1555	セントレア	セントレア	34.858333333333334	136.805	4
74	a	1556	三崎	ミサキ	32.795	132.87166666666667	9
33	a	1557	大東	ダイトウ	39.038333333333334	141.29666666666665	140
33	a	1558	金ヶ崎	カネガサキ	39.225	141.015	170
31	a	1559	湯野川	ユノカワ	41.31333333333333	140.95666666666668	162
33	a	1560	滝沢	タキザワ	39.78	141.09666666666666	210
34	a	1561	加美	カミ	38.571666666666665	140.72666666666666	195
35	a	1562	上山中山	カミノヤマナカヤマ	38.11666666666667	140.21333333333334	270
33	a	1563	附馬牛	ツキモウシ	39.45666666666666	141.50666666666666	440
34	a	1564	蔵王	ザオウ	38.126666666666665	140.68	112
57	a	1565	武生	タケフ	35.905	136.17333333333335	32
15	a	1566	赤平	アカビラ	43.553333333333335	142.06666666666666	120
15	a	1567	雨竜	ウリュウ	43.66	141.89166666666668	42
17	a	1568	津別二又	ツベツフタマタ	43.583333333333336	143.865	221
17	a	1569	置戸常元	オケトツネモト	43.62	143.44	368
12	a	1570	小車	オグルマ	44.608333333333334	142.295	62
20	a	1571	三股	ミツマタ	43.51	143.14833333333334	660
12	a	1572	剣淵	ケンブチ	44.10666666666667	142.35333333333332	138
11	a	1573	幌延	ホロノベ	45.00666666666667	141.85166666666666	5
12	a	1574	金山	カナヤマ	43.138333333333335	142.41666666666666	284
67	a	1575	佐伯湯来	サエキユキ	34.498333333333335	132.29	206
51	a	1576	阿蔵	アゾウ	35.07833333333333	137.41333333333333	613
52	a	1577	関市板取	セキシイタドリ	35.723333333333336	136.78333333333333	351
60	a	1578	朽木平良	クツキヘラ	35.30833333333333	135.83	380
67	a	1579	都志見	ツシミ	34.64666666666667	132.44333333333333	400
86	a	1580	宇土	ウト	32.7	130.65666666666667	6
86	a	1581	一勝地	イッショウチ	32.245	130.645	120
67	a	1582	君田	キミタ	34.928333333333335	132.83	304
67	a	1583	美土里	ミドリ	34.721666666666664	132.655	318
66	a	1584	富	トミ	35.178333333333335	133.805	480
66	a	1585	吉備中央	キビチュウオウ	34.81666666666667	133.705	340
91	a	1586	国頭	クニガミ	26.72833333333333	128.17833333333334	8
63	a	1587	神戸空港	コウベクウコウ	34.63166666666667	135.22333333333333	5
63	a	1588	西宮	ニシノミヤ	34.75	135.335	38
65	a	1589	南紀白浜	ナンキシラハマ	33.66166666666667	135.36333333333334	89
82	a	1590	空港北町	クウコウキタマチ	33.845	131.035	7
48	a	1591	宮田	ミヤダ	35.751666666666665	137.91166666666666	717
68	a	1592	吉賀	ヨシカ	34.391666666666666	131.89333333333335	250
11	a	1593	幌泊	ホロドマリ	45.455	141.03833333333333	27
22	a	1594	平取	ビラトリ	42.60666666666667	142.14666666666668	44
44	a	1595	母島	ハハジマ	26.635	142.16166666666666	32
91	a	1596	宮城島	ミヤギジマ	26.363333333333333	127.97166666666666	100
34	a	1597	栗駒深山	クリコマフカヤマ	38.86333333333333	140.84333333333333	550
33	a	1598	厳美	ゲンビ	38.983333333333334	140.91166666666666	230
49	a	1599	乙女湖	オトメコ	35.806666666666665	138.655	1465
34	a	1600	栗駒	クリコマ	38.94	140.81666666666666	850
50	a	1601	静岡空港	シズオカクウコウ	34.795	138.18833333333333	132
62	a	1602	茨木	イバラキ	34.86	135.56	78
67	a	1603	安宿	アスカ	34.56666666666667	132.83833333333334	363
71	a	1604	海陽	カイヨウ	33.611666666666665	134.355	5
41	a	1605	那須烏山	ナスカラスヤマ	36.641666666666666	140.11666666666667	82
67	a	1606	呉市蒲刈	クレシカマガリ	34.165	132.74833333333333	48
36	a	1607	山田	ヤマダ	36.93333333333333	140.73333333333332	25
87	a	1608	都農	ツノ	32.28333333333333	131.54166666666666	61
87	a	1609	日之影	ヒノカゲ	32.681666666666665	131.40666666666667	262
85	a	1610	唐津	カラツ	33.458333333333336	129.955	23
82	a	1611	早良脇山	サワラワキヤマ	33.48833333333334	130.35333333333332	83
85	a	1612	鳥栖	トス	33.385	130.51666666666668	25
86	a	1613	山都	ヤマト	32.711666666666666	130.95833333333334	574
81	a	1614	鹿野	カノ	34.225	131.815	368
16	a	1615	ニセコ	ニセコ	42.778333333333336	140.66666666666666	113
85	a	1616	北山	ホクザン	33.413333333333334	130.22	339
17	a	1617	山園	ヤマゾノ	43.74333333333333	144.33666666666667	361
66	a	1618	旭西	アサヒニシ	34.961666666666666	133.81166666666667	230
64	a	1619	天川	テンカワ	34.27	135.88333333333333	840
81	a	1620	東厚保	ヒガシアツ	34.11833333333333	131.18166666666667	56
55	a	1621	立山芦峅	タテヤマアシクラ	36.57666666666667	137.385	379
87	a	1623	高原	タカハル	31.928333333333335	131.00666666666666	211
87	a	1624	山田	ヤマダ	31.813333333333333	131.03833333333333	165
88	a	1625	霧島牧園	キリシママキゾノ	31.885	130.82	527
34	a	1626	女川	オナガワ	38.45333333333333	141.44	35
33	a	1627	刈屋	カリヤ	39.641666666666666	141.77333333333334	140
33	a	1628	新町	シンチョウ	39.36	141.90666666666667	2
33	a	1629	陸前高田	リクゼンタカタ	39.025	141.63	61
34	a	1630	桃生	モノウ	38.56	141.245	5
34	a	1631	東松島	ヒガシマツシマ	38.42666666666667	141.21333333333334	4
34	a	1632	岩沼	イワヌマ	38.10666666666667	140.87666666666667	4
36	a	1633	新地	シンチ	37.875	140.91833333333332	10
36	a	1634	古殿	フルドノ	37.09	140.56	353
40	a	1635	高萩	タカハギ	36.70666666666666	140.71666666666667	4
87	a	1636	椎葉	シイバ	32.475	131.10333333333332	517
82	a	1637	東谷	ヒガシタニ	33.778333333333336	130.865	55
51	a	1638	大府	オオブ	34.995	136.94333333333333	32
91	a	1639	盛山	モリヤマ	24.395	124.245	31
49	a	1640	富士川	フジカワ	35.56166666666667	138.44833333333332	295
61	a	1641	坂浦	サカウラ	35.41833333333334	135.08666666666667	223
44	a	1642	大島臨時	オオシマリンジ	34.748333333333335	139.36166666666668	90
44	a	1643	大島泉津	オオシマセンヅ	34.778333333333336	139.42166666666665	49
44	a	1644	大島差木地	オオシマサシキジ	34.68333333333333	139.41333333333333	41
54	a	1645	瓢湖	ヒョウコ	37.833333333333336	139.23666666666668	9
44	a	1646	利島	トシマ	34.528333333333336	139.28166666666667	100
88	a	1647	宝島	タカラジマ	29.151666666666667	129.20166666666665	33
44	a	1648	青ヶ島	アオガシマ	32.46666666666667	139.76	272
64	a	1649	下北山	シモキタヤマ	34.00333333333333	135.96666666666667	249
56	a	1650	舳倉島	ヘグラジマ	37.85	136.91833333333332	8
91	a	1651	渡名喜	トナキ	26.373333333333335	127.14166666666667	7
32	a	1652	田沢湖高原	タザワココウゲン	39.778333333333336	140.76166666666666	652
33	a	1653	一方井	イッカタイ	39.973333333333336	141.16666666666666	285
88	a	1654	諏訪之瀬島	スワノセジマ	29.61	129.705	111
88	a	1655	小宝島	コダカラジマ	29.225	129.32833333333335	10
11	a	1656	礼文上泊埼	レブンウエドマリサキ	45.42333333333333	141.065	13
82	a	1657	小呂島	オロノシマ	33.86333333333333	130.035	49
88	a	1658	平島	タイラジマ	29.683333333333334	129.52833333333334	97
48	a	1659	王滝大又	オウタキオオマタ	35.82666666666667	137.55166666666668	1035
86	a	1660	南阿蘇	ミナミアソ	32.83166666666666	131.01333333333332	393
40	a	1661	常総	ジョウソウ	36.11333333333334	139.98	15
11	s	47401	稚内	ワツカナイ	45.415	141.67833333333334	2.8
11	s	47402	北見枝幸	キタミエサシ	44.94	142.585	6.7
13	s	47404	羽幌	ハボロ	44.36333333333334	141.7	7.9
17	s	47405	雄武	オウム	44.58	142.96333333333334	14.1
13	s	47406	留萌	ルモイ	43.945	141.63166666666666	23.6
12	s	47407	旭川	アサヒカワ	43.75666666666667	142.37166666666667	119.8
17	s	47409	網走	アバシリ	44.016666666666666	144.27833333333334	37.6
16	s	47411	小樽	オタル	43.181666666666665	141.015	24.9
14	s	47412	札幌	サツポロ	43.06	141.32833333333335	17.4
15	s	47413	岩見沢	イワミザワ	43.211666666666666	141.785	42.3
20	s	47417	帯広	オビヒロ	42.92166666666667	143.21166666666667	38.4
19	s	47418	釧路	クシロ	42.985	144.37666666666667	4.5
18	s	47420	根室	ネムロ	43.33	145.585	25.2
16	s	47421	寿都	スツツ	42.795	140.22333333333333	33.4
21	s	47423	室蘭	ムロラン	42.31166666666667	140.975	39.9
21	s	47424	苫小牧	トマコマイ	42.623333333333335	141.54666666666665	6.3
22	s	47426	浦河	ウラカワ	42.16166666666667	142.77666666666667	36.7
24	s	47428	江差	エサシ	41.86666666666667	140.12333333333333	3.7
23	s	47430	函館	ハコダテ	41.81666666666667	140.75333333333333	35
16	s	47433	倶知安	クツチヤン	42.9	140.75666666666666	176.1
17	s	47435	紋別	モンベツ	44.345	143.355	15.8
20	s	47440	広尾	ヒロオ	42.29333333333334	143.31666666666666	32.4
33	s	47512	大船渡	オオフナト	39.06333333333333	141.71333333333334	36.9
35	s	47520	新庄	シンジヨウ	38.75666666666667	140.31166666666667	105.1
36	s	47570	若松	ワカマツ	37.48833333333334	139.91	211.7
31	s	47574	深浦	フカウラ	40.645	139.93166666666667	66.1
31	s	47575	青森	アオモリ	40.821666666666665	140.76833333333335	2.8
31	s	47576	むつ	ムツ	41.28333333333333	141.21	2.9
31	s	47581	八戸	ハチノヘ	40.526666666666664	141.52166666666668	27.1
32	s	47582	秋田	アキタ	39.71666666666667	140.09833333333333	6.3
33	s	47584	盛岡	モリオカ	39.69833333333333	141.165	155.2
33	s	47585	宮古	ミヤコ	39.64666666666667	141.965	42.5
35	s	47587	酒田	サカタ	38.90833333333333	139.84333333333333	3.1
35	s	47588	山形	ヤマガタ	38.255	140.345	152.5
34	s	47590	仙台	センダイ	38.26166666666666	140.89666666666668	38.9
34	s	47592	石巻	イシノマキ	38.42666666666667	141.29833333333335	42.5
36	s	47595	福島	フクシマ	37.75833333333333	140.47	67.4
36	s	47597	白河	シラカワ	37.13166666666667	140.215	355
36	s	47598	小名浜	オナハマ	36.946666666666665	140.90333333333334	3.3
56	s	47600	輪島	ワジマ	37.39	136.895	5.2
54	s	47602	相川	アイカワ	38.028333333333336	138.24	5.5
54	s	47604	新潟	ニイガタ	37.89333333333333	139.01833333333335	4.1
56	s	47605	金沢	カナザワ	36.58833333333333	136.63333333333333	5.7
55	s	47606	伏木	フシキ	36.791666666666664	137.055	11.6
55	s	47607	富山	トヤマ	36.708333333333336	137.20166666666665	8.6
48	s	47610	長野	ナガノ	36.66166666666667	138.19166666666666	418.2
54	s	47612	高田	タカダ	37.10666666666667	138.24666666666667	12.9
41	s	47615	宇都宮	ウツノミヤ	36.54833333333333	139.86833333333334	119.4
57	s	47616	福井	フクイ	36.055	136.22166666666666	8.8
52	s	47617	高山	タカヤマ	36.155	137.25333333333333	560
48	s	47618	松本	マツモト	36.24666666666667	137.97	610
48	s	47620	諏訪	スワ	36.045	138.10833333333332	760.1
48	s	47622	軽井沢	カルイザワ	36.34166666666667	138.54666666666665	999.1
42	s	47624	前橋	マエバシ	36.405	139.06	112.1
43	s	47626	熊谷	クマガヤ	36.15	139.38	30
40	s	47629	水戸	ミト	36.38	140.46666666666667	29
57	s	47631	敦賀	ツルガ	35.653333333333336	136.06166666666667	1.6
52	s	47632	岐阜	ギフ	35.4	136.76166666666666	12.7
51	s	47636	名古屋	ナゴヤ	35.166666666666664	136.965	51.1
48	s	47637	飯田	イイダ	35.52333333333333	137.82166666666666	516.4
49	s	47638	甲府	コウフ	35.666666666666664	138.55333333333334	272.8
50	s	47639	富士山	フジサン	35.36	138.72666666666666	3775.1
49	s	47640	河口湖	カワグチコ	35.5	138.76	859.6
43	s	47641	秩父	チチブ	35.99	139.07333333333332	232.1
40	s	47646	つくば	ツクバ（タテノ）	36.056666666666665	140.125	25.2
45	s	47648	銚子	チヨウシ	35.73833333333333	140.85666666666665	20.1
53	s	47649	上野	ウエノ	34.76166666666667	136.14166666666668	159.2
53	s	47651	津	ツ	34.733333333333334	136.51833333333335	2.7
51	s	47653	伊良湖	イラコ	34.62833333333333	137.09333333333333	6.2
50	s	47654	浜松	ハママツ	34.75333333333333	137.71166666666667	45.9
50	s	47655	御前崎	オマエザキ	34.60333333333333	138.21166666666667	44.7
50	s	47656	静岡	シズオカ	34.975	138.40333333333334	14.1
50	s	47657	三島	ミシマ	35.11333333333334	138.925	20.5
44	s	47662	東京	トウキヨウ	35.69166666666667	139.75	25.2
53	s	47663	尾鷲	オワセ	34.068333333333335	136.19333333333333	15.3
50	s	47666	石廊崎	イロウザキ	34.60333333333333	138.84166666666667	54.7
50	s	47668	網代	アジロ	35.045	139.09166666666667	66.9
46	s	47670	横浜	ヨコハマ	35.43833333333333	139.65166666666667	39.1
45	s	47672	館山	タテヤマ	34.986666666666665	139.865	5.8
45	s	47674	勝浦	カツウラ	35.15	140.31166666666667	11.9
44	s	47675	大島	オオシマ	34.748333333333335	139.36166666666668	74
44	s	47677	三宅島	ミヤケジマ	34.123333333333335	139.52166666666668	36.4
44	s	47678	八丈島	ハチジヨウ	33.12166666666667	139.77833333333334	151.2
45	s	47682	千葉	チバ	35.60166666666667	140.10333333333332	3.5
53	s	47684	四日市	ヨツカイチ	34.94	136.58	55.1
41	s	47690	奥日光	オクニッコウ（ニッコウ）	36.73833333333333	139.5	1291.9
68	s	47740	西郷	サイゴウ	36.20333333333333	133.33333333333334	26.5
68	s	47741	松江	マツエ	35.45666666666666	133.065	16.9
69	s	47742	境	サカイ	35.54333333333334	133.235	2
69	s	47744	米子	ヨナゴ	35.43333333333333	133.33833333333334	6.5
69	s	47746	鳥取	トツトリ	35.486666666666665	134.23833333333334	7.1
63	s	47747	豊岡	トヨオカ	35.535	134.82166666666666	3.4
61	s	47750	舞鶴	マイヅル	35.45	135.31666666666666	2.4
60	s	47751	伊吹山	イブキヤマ	35.41833333333334	136.41333333333333	1375.8
81	s	47754	萩	ハギ	34.41	131.405	2.2
68	s	47755	浜田	ハマダ	34.89666666666667	132.07	19
66	s	47756	津山	ツヤマ	35.06333333333333	134.00833333333333	145.7
61	s	47759	京都	キヨウト	35.013333333333335	135.73166666666665	40.8
60	s	47761	彦根	ヒコネ	35.275	136.24333333333334	87.3
81	s	47762	下関	シモノセキ	33.94833333333333	130.925	3.3
67	s	47765	広島	ヒロシマ	34.39833333333333	132.46166666666667	3.6
67	s	47766	呉	クレ	34.24	132.55	3.5
67	s	47767	福山	フクヤマ	34.446666666666665	133.24666666666667	1.6
66	s	47768	岡山	オカヤマ	34.68666666666667	133.925	5.3
63	s	47769	姫路	ヒメジ	34.83833333333333	134.67	38.2
63	s	47770	神戸	コウベ	34.696666666666665	135.21166666666667	5.3
62	s	47772	大阪	オオサカ	34.681666666666665	135.51833333333335	23
63	s	47776	洲本	スモト	34.33833333333333	134.905	109.3
65	s	47777	和歌山	ワカヤマ	34.22833333333333	135.16333333333333	13.9
65	s	47778	潮岬	シオノミサキ	33.45	135.75666666666666	67.5
64	s	47780	奈良	ナラ	34.693333333333335	135.82666666666665	104.4
81	s	47784	山口	ヤマグチ	34.16166666666667	131.46166666666667	18.1
84	s	47800	厳原	イヅハラ	34.196666666666665	129.29166666666666	3.7
84	s	47805	平戸	ヒラド	33.36	129.55	57.8
82	s	47807	福岡	フクオカ	33.58166666666666	130.375	2.5
82	s	47809	飯塚	イイヅカ	33.651666666666664	130.69333333333333	37.1
84	s	47812	佐世保	サセボ	33.15833333333333	129.72666666666666	3.9
85	s	47813	佐賀	サガ	33.265	130.305	5.5
83	s	47814	日田	ヒタ	33.321666666666665	130.92833333333334	82.9
83	s	47815	大分	オオイタ	33.235	131.61833333333334	4.6
84	s	47817	長崎	ナガサキ	32.733333333333334	129.86666666666667	26.9
84	s	47818	雲仙岳	ウンゼンダケ	32.736666666666665	130.26166666666666	677.5
86	s	47819	熊本	クマモト	32.81333333333333	130.70666666666668	37.7
86	s	47821	阿蘇山	アソサン	32.88	131.07333333333332	1142.3
87	s	47822	延岡	ノベオカ	32.58166666666666	131.65666666666667	19.2
88	s	47823	阿久根	アクネ	32.026666666666664	130.2	40.1
86	s	47824	人吉	ヒトヨシ	32.21666666666667	130.755	145.8
88	s	47827	鹿児島	カゴシマ	31.555	130.54666666666665	3.9
87	s	47829	都城	ミヤコノジヨウ	31.73	131.08166666666668	153.8
87	s	47830	宮崎	ミヤザキ	31.938333333333333	131.41333333333333	9.2
88	s	47831	枕崎	マクラザキ	31.27166666666667	130.29166666666666	29.5
87	s	47835	油津	アブラツ	31.578333333333333	131.40666666666667	2.9
88	s	47836	屋久島	ヤクシマ	30.385	130.65833333333333	37.3
88	s	47837	種子島	タネガシマ	30.72	130.98166666666665	24.9
86	s	47838	牛深	ウシブカ	32.196666666666665	130.02666666666667	3
84	s	47843	福江	フクエ	32.693333333333335	128.82666666666665	25.1
73	s	47887	松山	マツヤマ	33.843333333333334	132.77666666666667	32.2
72	s	47890	多度津	タドツ	34.275	133.75166666666667	3.7
72	s	47891	高松	タカマツ	34.31666666666667	134.05333333333334	8.7
73	s	47892	宇和島	ウワジマ	33.22666666666667	132.55166666666668	2.4
74	s	47893	高知	コウチ	33.56666666666667	133.54833333333335	0.5
71	s	47894	剣山	ツルギサン	33.85333333333333	134.09666666666666	1944.8
71	s	47895	徳島	トクシマ	34.06666666666667	134.57333333333332	1.6
74	s	47897	宿毛	スクモ	32.92	132.695	2.2
74	s	47898	清水	シミズ	32.721666666666664	133.01	31
74	s	47899	室戸岬	ムロトミサキ	33.251666666666665	134.17666666666668	185
88	s	47909	名瀬	ナゼ	28.378333333333334	129.495	2.8
91	s	47912	与那国島	ヨナグニジマ	24.466666666666665	123.01	30
91	s	47917	西表島	イリオモテジマ	24.426666666666666	123.765	9.9
91	s	47918	石垣島	イシガキジマ	24.336666666666666	124.16333333333333	5.7
91	s	47927	宮古島	ミヤコジマ	24.793333333333333	125.27833333333334	39.9
91	s	47929	久米島	クメジマ	26.336666666666666	126.80333333333333	5
91	s	47936	那覇	ナハ	26.206666666666667	127.68666666666667	28.1
91	s	47940	名護	ナゴ	26.593333333333334	127.965	6.1
88	s	47942	沖永良部	オキノエラブ	27.431666666666665	128.705	26.8
91	s	47945	南大東	ミナミダイトウジマ	25.828333333333333	131.22833333333332	15.3
44	s	47971	父島	チチジマ	27.091666666666665	142.19	2.7
44	s	47991	南鳥島	ミナミトリシマ	24.288333333333334	153.98333333333332	7.1
99	s	89532	昭和	ショウワ	-68.995	39.58	18.4
