京都府	0592_浅原山	47759_京都	0596_園部	0928_京北	0927_知井	0588_峰山	1379_三岳	0591_仏坂	0598_京田辺	1160_睦寄	47750_舞鶴	0595_妙高山	1380_綾部	1378_須知	0594_胡麻	0589_宮津	1303_美山	0599_鷲峰山	0965_間人	1641_坂浦	0593_福知山	1383_三和	1025_長岡京	0920_花背峠	0966_本庄
山形県	1292_大井沢	1357_荒沢	1103_山毛欅潰山	0266_瀬見	0267_温海岳	1562_上山中山	0270_銀山	0269_月山	0272_左沢	0277_小国	0258_鳥海山	0280_西吾妻山	1125_肘折	0276_蔵王山	0274_葉山	0271_楯岡	1428_白鷹山	1539_村山	1169_落合	0910_向町	47587_酒田	0262_金山	1038_上草津	1040_鼠ケ関	1039_尾花沢	1372_中津川	1488_東根	0261_太平山	0263_鶴岡	0275_長井	0279_米沢	47520_新庄	1291_飛島	0278_高峰	0268_櫛引	0264_狩川	1465_浜中	47588_山形	1132_高畠	0260_差首鍋
鹿児島県	1136_田代	0891_肝属川	1277_与論島	0876_魚野越	0880_川内	0895_内之浦	0980_古仁屋	47827_鹿児島	1149_大隅	0894_甫与志岳	47942_沖永良部	0937_鹿屋	0883_東市来	47837_種子島	1146_輝北	1161_佐多	1104_矢止岳	47823_阿久根	0888_吉ケ別府	1542_天城	1296_喜界島	0877_紫尾山	0874_古原野	0886_高峠	47909_名瀬	1654_諏訪之瀬島	0899_尾之間	47831_枕崎	0934_出水	1181_肝付前田	1655_小宝島	0936_志布志	0878_さつま柏原	0897_中種子	0882_八重山	1658_平島	0879_中甑	0893_指宿	0890_喜入	47836_屋久島	1540_中之島	0935_牧之原	1520_笠利	0881_溝辺	0875_大口	1647_宝島	0887_加世田	1625_霧島牧園	0898_上中	1139_伊仙	0884_権現ケ尾
根室地方	0088_別海	0084_羅臼	1547_上標津	1266_糸櫛別	1196_厚床	0087_計根別	1056_納沙布	0085_標津	1489_根室中標津	0086_中標津	47420_根室
富山県	0549_嘉例沢	0546_泊	0547_魚津	0554_南砺高宮	0558_細尾峠	47606_伏木	0557_立山	0553_上市	1621_立山芦峅	0548_宇奈月	0556_小谷	1455_猪谷	1414_大山	1553_五箇山	0552_砺波	47607_富山	1415_細入	1309_氷見	1412_宇奈月	1413_平	0555_八尾	0559_谷折	1533_秋ヶ島
新潟県	0526_村松	1645_瓢湖	0528_粟ヶ岳	1370_大湯	1398_宮寄上	47612_高田	0529_長岡	0538_枝折峠	0540_能生	1302_大潟	0998_関山	1318_中条	1060_下関	1154_小国	0541_光ケ原	0542_大沢峠	1297_平岩	1395_塩沢	0531_守門岳	1315_弾崎	1426_川谷	1155_松代	0532_柏崎	0525_三条	0544_湯沢	1424_樽本	1444_室谷	1369_三面	0534_小出	47604_新潟	0545_袴岳	47602_相川	0522_巻	0996_羽茂	1102_鍵取	0537_十日町	1469_松浜	0518_両津	0543_津南	1111_赤谷	0521_新津	1256_高根	0523_宝珠山	0539_糸魚川	0516_鷲ケ巣山	0515_村上	0530_栃尾	0527_津川	0536_安塚	0520_二王子岳	0997_守門	1514_秋津	0524_寺泊	0533_桜坂峠	0995_粟島	1427_筒方
山梨県	0431_大菩薩	1234_切石	47640_河口湖	0438_山中	47638_甲府	0435_八町山	47639_富士山	0430_日向山	0439_南部	0433_勝沼	1023_大泉	1165_上野原	1599_乙女湖	1640_富士川	0434_大月	0436_古関	1024_韮崎	0429_剣ノ峰
宮崎県	0858_矢櫃岳	0870_鰐塚山	47830_宮崎	0857_日向	1608_都農	0859_高鍋	1343_諸塚	1481_赤江	1623_高原	1624_山田	0868_青島	0860_加久藤	0867_霧島御池	1636_椎葉	0872_串間	0861_西都	47822_延岡	0852_高千穂	1433_上椎葉	0853_大中尾	1348_鞍岡	47829_都城	47835_油津	0854_中小屋	0862_えびの	1135_古江	0856_猪原	1164_深瀬	0865_国富	1345_西米良	1353_神門	1432_北方	1609_日之影	0864_野尻	0863_小林	1275_見立
後志地方	0060_喜茂別	0052_余市	0054_共和	47421_寿都	1615_ニセコ	0051_美国	47411_小樽	0059_桂台	0061_黒松内	47433_倶知安	1091_赤井川	1072_真狩	0057_脇方台地	1208_神恵内	0055_蘭越
熊本県	1660_南阿蘇	0833_南小国	1580_宇土	47821_阿蘇山	1581_一勝地	0925_多良木	0838_俵山	47819_熊本	1240_阿蘇乙姫	1086_湯前横谷	0836_鞍岳	1613_山都	0923_益城	1088_茶臼峠	1156_屋形山	0847_戦山	0946_田浦	0832_鹿北	1368_五木	0926_上	47824_人吉	0842_甲佐	1081_三角	0850_一里山	0846_八代	0843_松島	0851_白髪岳	0845_本渡	0834_岱明	0841_間の谷山	47838_牛深	1158_五家荘	1435_山江	0924_水俣	0840_高森	0844_大金峰	0835_菊池
広島県	1257_王泊	1472_本郷	0680_内黒山	0688_大竹	0690_倉橋	0675_庄原	0952_河内	47767_福山	47766_呉	0947_高野	0687_生口島	1583_美土里	0673_犬伏山	1325_油木	47765_広島	1603_安宿	0951_府中	0674_三次	0676_大朝	0949_甲田	0948_東城	0953_久比	0950_三入	1582_君田	1262_八幡	0682_恵下谷山	0681_世羅	0671_道後山	1575_佐伯湯来	0672_安田山	0686_竹原	0683_東広島	0679_上下	1579_都志見	1326_廿日市津田	0677_加計	1606_呉市蒲刈	0678_海見山	1163_志和
岡山県	1585_吉備中央	0666_矢掛	0664_和気	1618_旭西	0930_高梁	1584_富	1140_奈義	1330_千屋	0665_佐屋	0653_大空山	47768_岡山	0929_下呰部	0661_陣山	0670_玉野	1531_日応寺	0656_久世	0919_笠岡	0663_福渡	47756_津山	0655_今岡	0669_倉敷	0658_新見	0660_赤磐	0654_那岐山	1371_恩原	0668_虫明	0662_大平山	0659_天子山	1328_上長田
大阪府	0605_河内長野	1065_枚方	1471_関空島	0600_能勢	47772_大阪	1470_八尾	1602_茨木	0604_生駒山	0606_熊取	0601_箕面	0602_豊中	1062_堺
空知地方	1287_空知吉野	0041_滝川	0043_芦別	0048_丁未山	1068_栗沢	47413_岩見沢	0040_常盤山	0044_美唄	0049_夕張	0042_神威岳	0039_深川	0047_長沼	1567_雨竜	0999_月形	1402_沼の沢	1400_浦臼	1270_晩生内	1401_鹿島	1566_赤平	1271_桜山	0046_下桂沢	1419_新城	0050_登川山	0038_石狩沼田
香川県	1475_香南	47890_多度津	47891_高松	0729_滝宮	0726_内海	0730_引田	0731_竜王山	1239_財田
福井県	1382_九頭竜	0975_川上	0579_小浜	0974_美山	47616_福井	1071_三国	1226_勝山	1537_春江	1454_大飯	1565_武生	1316_越廼	0575_春日野	0577_今庄	0574_タイラ山	47631_敦賀	0573_大野	0576_板垣	1010_美浜
愛知県	0982_稲武	0465_東海	0466_出来山	0468_作手	1541_新城	1344_蒲郡	1576_阿蔵	0983_蟹江	0984_南知多	1166_小原	1341_鳳来	0467_岡崎	0469_一色	47636_名古屋	0462_茶臼山	47653_伊良湖	0470_豊橋	0461_豊山	1638_大府	1555_セントレア	0460_一宮	0464_豊田	0472_田原	1346_愛西
日高地方	0138_ヌモトル山	0139_笹山	1202_日高	0140_静内	1097_仁世宇	1430_旭	1340_えりも岬	47426_浦河	1288_中杵臼	0141_ピセナイ山	0136_日高門別	1276_目黒	0137_新和	1198_三石	1594_平取	1264_幌満
釧路地方	0092_弟子屈	0095_中徹別	0097_霧多布	47418_釧路	1192_太田	0093_標茶	1195_榊町	1417_茶内原野	0094_幌呂台地	1403_塘路	1187_弟子屈	0091_阿寒湖畔	0096_阿寒	1107_二俣	1283_知方学	0090_川湯	1186_鶴居	1461_鶴丘	0098_白糠
胆振地方	1499_虻田	1501_入江	1067_大滝	1429_カルルス	1329_洞爺湖温泉	1496_豊浦	0133_登別山	0129_有珠山	47423_室蘭	1498_花和	1500_壮瞥	1504_洞爺湖畔	0123_安平	0131_鵡川	0132_伊達	0134_登別	0130_白老	0124_厚真	0126_森野	0128_大岸	0125_穂別	47424_苫小牧	1502_月浦	1503_北有珠
奈良県	0635_五條	0634_高見山	1619_天川	0633_大宇陀	1377_壷坂	0630_針	1439_吉野	47780_奈良	0639_日出岳	1228_風屋	0640_上野地	1376_葛城	0641_玉置山	0957_上北山	0631_田原本	0636_天辻	1649_下北山	1366_高見	0637_山上ケ岳	0638_荒神岳	0632_曽爾
高知県	0754_船戸	1229_大栃	0757_佐喜浜	1351_本川	0955_田野	0763_中村	0751_南国	0761_大正	0747_繁藤	0752_芸西	0753_鳥形山	0756_須崎	0755_安芸	0748_佐川	0760_堂ケ森	1233_佐賀	47893_高知	0746_本山	1235_江川崎	0749_成山	47899_室戸岬	1281_魚梁瀬	1179_池川	0921_梼原	1249_後免	47898_清水	1476_南国日章	1556_三崎	47897_宿毛	0758_窪川
福島県	0286_喜多方	1607_山田	0285_相馬	0287_八木沢	1034_広野	0294_船引	47598_小名浜	0300_富岡	1127_上遠野	0295_浪江	0303_田島	0291_二本松	0296_浅草岳	1293_茂庭	1268_長沼	0297_只見	0311_田代山	0289_飯谷山	1269_舘岩	1031_西会津	0304_小野新町	0309_大辷山	0312_東白川	1359_吉尾峠	1634_古殿	0302_駒止峠	0305_観音山	1129_川内	1044_金山	1633_新地	0290_猪苗代	47595_福島	47570_若松	0301_南郷	0298_博士峠	47597_白河	0308_山王峠	1130_飯舘	1386_湖南	0310_平	0288_原町	0299_郡山	0307_石川	0292_白馬石山	1116_鷲倉	1150_津島	0283_吾妻山	0282_稲荷峠	1282_桧原	0281_梁川	1364_六十里越	1295_桧枝岐	1294_湯本	1274_川前	1466_玉川
佐賀県	1610_唐津	1480_川副	1612_鳥栖	47813_佐賀	1075_伊万里	1616_北山	0827_八幡岳	0824_枝去木	0826_権現山	0825_和多田	0830_嬉野	0829_白石	0831_多良岳
None	89532_昭和
埼玉県	0362_飯能	0361_堂平	1000_三峰	0364_越谷	1182_上吉田	0363_さいたま	1232_鳩山	1070_所沢	1159_浦山	1497_ときがわ	1069_鴻巣	47641_秩父	0359_久喜	47626_熊谷	1009_寄居
沖縄県	1494_志多阿原	1534_北原	0909_糸数	0906_読谷	1373_本部	1248_城辺	47929_久米島	1247_多良間	47918_石垣島	1147_伊是名	0905_名嘉真	1145_伊原間	1596_宮城島	47917_西表島	1491_仲筋	1639_盛山	47936_那覇	47940_名護	1490_下地	1493_所野	1482_安次嶺	1515_粟国	1517_北大東	1354_波照間	47945_南大東	1374_東	1518_旧東	1250_川平	1483_鏡原	1251_大原	0902_与那覇岳	1516_慶良間	1246_伊良部	1651_渡名喜	47927_宮古島	1484_真栄里	0903_呉我山	0907_胡屋	1586_国頭	47912_与那国島	0901_奥	1152_渡嘉敷	1064_金武
石川県	1171_白山白峰	1324_小松	1650_舳倉島	0566_羽咋	0571_加賀菅谷	0562_門前	0568_宝達山	0570_医王山	1486_穴水	0560_珠洲	47605_金沢	0567_かほく	0973_白山河内	47600_輪島	0565_七尾	0563_木原岳	1544_三井	1545_宝達志水	0564_志賀
和歌山県	1074_本宮	1457_友ケ島	1342_かつらぎ	1063_清水	0651_日置川	1172_色川	47778_潮岬	0648_虎ケ峰峠	0649_新宮	47777_和歌山	0642_葛城山	0644_岩出	1347_西川	0650_白浜	1589_南紀白浜	0646_護摩壇山	0978_湯浅	0647_御坊	1089_龍神	0645_高野山	1485_川辺	0971_栗栖川
千葉県	1004_大多喜	0381_茂原	1003_横芝光	1241_坂畑	0382_木更津	47682_千葉	1236_船橋	1238_牛久	47672_館山	0916_佐倉	0383_鋸南	47648_銚子	0378_成田	0376_我孫子	0377_東庄	0375_香取	0384_鴨川	47674_勝浦
長崎県	1535_小値賀	1538_美津島	0815_国見山	1478_石田	0820_諫早	0817_大瀬戸	47818_雲仙岳	0922_口之津	1451_百花台	1080_有川	1442_深江	47812_佐世保	0818_長浦岳	0811_佐須奈	1138_有川	1536_頭ヶ島	1084_大村	1453_鰐浦	1446_普賢岳	47805_平戸	0819_五家原岳	47843_福江	0962_島原	1441_野母崎	47800_厳原	47817_長崎	1479_上大津	1452_千々石	1144_芦辺	0814_松浦
長野県	1551_高遠	47622_軽井沢	1022_南木曽	1090_南小谷	47620_諏訪	0398_笠岳	0395_飯山	0403_燕岳	1659_王滝大又	0409_高ボッチ	1300_立科	47618_松本	1550_白樺湖	1317_浪合	0399_大町	0428_鶯巣	1392_網掛山	1319_辰野	0420_宮田高原	0400_信州新町	0424_飯島	1314_開田高原	0393_野沢温泉	1397_杉島	1411_小谷	0402_上田	1394_大鹿	1549_北相木	0413_木曽平沢	0416_御嶽山	0401_四阿屋山	0404_穂高	1360_聖高原	0410_茂来山	1162_鬼無里	0408_佐久	0422_須原	0418_高遠	47610_長野	0394_信濃町	0407_鹿教湯	1312_奈川	0994_上高地	1445_伊那	0427_恵那山	0423_摺古木山	0415_野辺山	0412_八ケ岳	0993_東御	0425_笹山	0396_白馬	1399_十石峠	1323_南信濃	47637_飯田	1339_阿南	1529_松本今井	0992_菅平	0419_入笠山	0421_松峯	1591_宮田	0417_木曽福島	0414_原村
静岡県	0454_天城山	47656_静岡	0989_掛川	47657_三島	1114_梅ケ島	1393_三倉	0987_土肥	1601_静岡空港	47668_網代	0448_高根山	47654_浜松	0986_佐久間	1244_磐田	47666_石廊崎	0452_島田	0451_天竜	0457_稲取	1335_菊川牧之原	0450_霧山	0456_松崎	0446_大山	47655_御前崎	1338_井川	1243_清水	0453_湯ケ島	0441_御殿場	0442_富士	0988_三ヶ日	1440_鍵穴	0440_白糸	0445_川根本町	1106_三倉	47639_富士山	1105_熊	0444_越木平
愛媛県	0741_久万	0738_成就社	47887_松山	1521_松山南吉田	0958_西条	0960_三崎	0732_大三島	0739_長浜	0742_獅子越峠	0959_大洲	0735_四国中央	0743_八幡浜	1350_近永	1456_瀬戸	0961_宇和	0740_中山	0745_御荘	1077_今治	0733_玉川	1260_富郷	0737_上林	47892_宇和島	0734_新居浜
山口県	1261_和田	0942_柳井	0779_安下庄	0913_玖珂	0939_油谷	0940_岩国	47784_山口	0776_下松	0773_桜山	0772_豊田	0769_秋吉台	1101_長野山	0771_広瀬	0765_須佐	47762_下関	0767_徳佐	1100_羅漢山	0768_鍋提峠	1614_鹿野	0770_瀬戸原	0775_防府	0941_周東	47754_萩	1620_東厚保	0778_宇部	1367_篠生
兵庫県	1449_芦屋	0968_福崎	0614_柏原	1227_三木	0969_三田	0970_郡家	0615_一宮	0967_大屋	0616_笠形山	47776_洲本	0608_温泉	1450_神戸塩屋	0612_和田山	0618_後川	0611_八鹿	1337_南淡	0956_西脇	1587_神戸空港	47747_豊岡	0607_香住	47770_神戸	0623_六甲山	1588_西宮	0620_的場山	47769_姫路	0609_三川山	0622_名塩	1448_淡路町	0613_生野	0624_家島	0625_明石	0977_兎和野高原	0617_佐用	0619_上郡	0628_福良
滋賀県	0582_春照	0581_荒川	0587_土山	0586_大津	1087_柳ケ瀬	47761_彦根	0584_近江八幡	0976_長浜	0585_君ケ畑台地	1361_霜ケ原	1524_米原	0964_信楽	47751_伊吹山	0580_今津	1083_南小松	0963_東近江	1578_朽木平良
徳島県	1358_旭丸	1327_半田	0722_江田山	1352_木頭	47895_徳島	1098_福原旭	0724_日和佐	47894_剣山	1252_京上	0723_太竜寺山	0719_大山寺	0725_宍喰	0972_穴吹	1604_海陽	0720_池田	1242_蒲生田
群馬県	47624_前橋	0354_西野牧	1019_みなかみ	0347_赤城山	0346_沼田	0348_田代	0344_野反湖	1021_伊勢崎	0343_草津	0352_一の字山	0342_前武尊	1375_高手山	1020_中之条	1222_藤原	1259_黒保根	1174_片品	1223_神流	0355_藤岡	0353_上里見	0356_館林	0351_桐生	0357_稲含山	0345_雨見山	0349_榛名山
宮城県	1030_塩釜	1464_名取	47590_仙台	0246_志津川	1600_栗駒	47592_石巻	1632_岩沼	0251_新川	0257_亘理	1029_米山	1298_筆甫	0985_雄勝	0245_箕輪山	1561_加美	1365_泉ケ岳	0254_川崎	0255_不忘山	1290_江ノ島	0248_大衡	0244_築館	1630_桃生	1631_東松島	1526_鴬沢	0249_鹿島台	1267_花山	1626_女川	0247_古川	0242_気仙沼	0243_川渡	1564_蔵王	1126_駒ノ湯	1597_栗駒深山	0241_栗駒山	0256_白石	1220_丸森	0252_鷹巣山
青森県	1026_今別	0176_空岱山	47575_青森	1041_大間	0167_黒石	0164_五所川原	47581_八戸	1119_市浦	0174_大鰐	1559_湯野川	0162_野辺地	0175_碇ケ関	1124_脇野沢	0169_三沢	1108_岳	0170_四兵衛森	1122_小田野沢	1027_六ケ所	0158_障子山	0166_弘前	1406_温川	1495_青森大谷	1079_酸ケ湯	0171_毛無山	1183_七戸	0172_十和田	47574_深浦	47576_むつ	0177_休屋	0179_三戸	1042_大和山	1110_長慶平	0160_蟹田	0178_朝日奈岳	1272_戸来	0168_八甲田山	0163_鰺ケ沢
栃木県	0326_那須高原	47615_宇都宮	1018_佐野	0333_方塞山	0337_葛生	0339_足利	1221_土呂部	47690_奥日光	0331_大田原	0328_八方が原	0335_鹿沼	0341_小山	1333_今市	1016_足尾	1605_那須烏山	1015_五十里	0334_高根沢	1017_烏山	0330_八溝山	0338_真岡	0329_黒磯	0340_栃木	0327_黒田原	1334_塩谷
上川地方	1574_金山	0013_雄鷹峰	0018_終沢	0015_上川	1049_層雲峡	1047_朝日	1048_比布	1190_上富良野	0017_瑞穂	1055_和寒	1189_占冠	0023_前時雨山	0008_名寄	0021_富良野	1052_美瑛	1201_中川	1572_剣淵	0019_旭岳	47407_旭川	0022_前富良野岳	1191_江丹別	1184_東川	1279_朱鞠内	0020_白金	0007_ピヤシリ山	1185_志比内	0006_美深	0011_士別	0009_西風連	0014_蓬莱山	0010_下川	0012_犬牛別峠	1458_東神楽	1188_幾寅	1280_麓郷	1053_幌加内	1197_音威子府	1570_小車
石狩地方	0029_阿曽岩	1085_石狩	0035_恵庭島松	0036_島松山	0030_新篠津	1193_浜益	0034_小金湯	0031_山口	47412_札幌	0037_支笏湖畔	1076_西野幌	1194_厚田	1507_江別	1459_千歳	0032_手稲山
秋田県	0189_男鹿本山	47582_秋田	1408_藤原	1036_男鹿	1425_仁別	0188_五城目	0193_角館	0186_湯瀬	1278_桧木内	0195_大曲	0191_太平山	0204_湯の岱	0200_矢島	0194_田沢湖	1652_田沢湖高原	0203_姥井戸山	0201_三森山	1043_八森	1115_比立内	0181_陣場	1131_阿仁合	0202_湯沢	1407_笹子	0180_田代岳	1035_大潟	1109_東成瀬	1167_鎧畑	1463_脇神	0192_岩見三内	0912_大館	1273_藤里	0184_鷹巣	1422_男鹿真山	0199_にかほ	1117_東由利	1511_雄和	0182_杉沢山	0187_森吉山	0185_鹿角	0198_横手	0196_本荘	1289_八幡平	0183_能代	1050_大正寺	0197_保呂羽山
岩手県	47512_大船渡	1219_山形	1032_好摩	1028_祭畤	1168_葛根田	1206_住田	1212_小本	1627_刈屋	0209_久慈	0217_大森山	0216_岩洞	1225_門馬	0233_釜石	1629_陸前高田	1558_金ヶ崎	0212_袖山	1560_滝沢	1508_大槌	0239_千厩	1224_川井	0224_薬師岳	0240_室根山	1033_山田	1123_普代	0230_北上	0225_黒森山	0219_駒ケ岳	0235_若柳	0215_岩手山	0211_葛巻	0207_二戸	0238_一関	1598_厳美	0227_花巻	1118_沢内	1120_荒屋	1332_下戸鎖	0232_五葉山	0208_折爪岳	1037_大野	1653_一方井	0231_遠野	0220_害鷹森	0236_江刺	0228_大迫	47584_盛岡	0213_茶臼岳	1113_米里	0234_岳山	47585_宮古	1447_区界	1557_大東	0221_雫石	1563_附馬牛	1628_新町	0214_岩手松尾	1045_衣川	0206_軽米	0210_西岳	1078_薮川	0205_種市	1215_奥中山	0226_豊沢	1128_紫波	0229_湯田	0218_岩泉
福岡県	47809_飯塚	1046_添田	1527_曽根	0789_英彦山	1590_空港北町	0945_柳川	0788_朝倉	0785_前原	0782_行橋	1477_博多	1657_小呂島	0791_耳納山	0787_九千部山	0780_八幡	1611_早良脇山	0943_宗像	0790_久留米	0783_篠栗	0781_小倉	1141_太宰府	1637_東谷	0944_頂吉	0792_黒木	47807_福岡	0793_大牟田
岐阜県	1363_大日	0481_白尾山	1066_宮地	0495_関ケ原	1061_栃尾	1390_小津	1058_多治見	1437_清見	1306_白川	0478_大日岳	0489_権現山	0480_船山	0488_三界山	0487_金山	0475_森茂	1299_長滝	1396_十二岳	0498_三森山	1436_ひるがの	1059_上石津	1313_黒川	1057_美濃	0483_萩原	1438_丹生川	0479_新渕山	1384_付知	0496_大垣	1387_御母衣	0473_神岡	0486_樽見	1311_宮之前	0490_伽藍	0491_美濃加茂	0494_中津川	0485_八幡	0493_恵那	1577_関市板取	1301_揖斐川	0474_流葉山	0482_白鳥	1153_平井	0484_蕪山	1305_六厩	47617_高山	47632_岐阜	0492_柄石峠	1308_河合	0477_乗鞍岳
大分県	47814_日田	0807_出羽	0809_倉木	47815_大分	0802_釈迦岳	0803_湯平	0979_耶馬渓	0804_温見	0805_犬飼	0797_伏木	0801_佐賀関	0810_蒲江	0799_湯布院	0806_竹田	0932_玖珠	0808_佐伯	0796_武蔵	0795_豊後高田	0931_院内	1157_別府	0933_臼杵	1554_椿ヶ鼻	1142_宇目	1137_国見	1237_杵築	0794_中津
十勝地方	1418_留真	0110_佐幌岳	0106_西ヌプカウシ山	0119_帯広岳	0103_ぬかびら源泉郷	47440_広尾	1410_上螺湾	0102_殖産高地	1210_上札内	1405_押帯	47417_帯広	0101_陸別	0107_上士幌	1099_三国山	0118_浦幌	1286_糠内	0120_ひょうたん沢	1409_柏倉	1571_三股	1214_大津	0113_新得	0114_鹿追	0109_足寄	0100_軍艦山	1211_更別	0115_芽室	1204_駒場	0112_本別	1404_小利別	1510_帯広泉	0108_幌安山	0111_三角山	0105_上足寄	0117_池田	0104_小坂山	0121_大樹
神奈川県	1007_平塚	1443_辻堂	0387_相模湖	0391_江ノ島	0390_箱根	47670_横浜	0392_三浦	1005_相模原中央	1006_日吉	1096_丹沢湖	1008_小田原	0388_海老名
茨城県	1012_柿岡	1661_常総	0315_北茨城	1245_鉾田	0323_坂東	1331_常陸大宮	1388_門井	0317_神峰山	0322_下妻	1173_徳田	1082_筑波山	0321_愛宕山	1421_大能	0324_土浦	1530_下館	0911_江戸崎	47646_つくば	1011_日立	0316_大子	0314_花園	0325_鹿嶋	1170_中野	47629_水戸	1635_高萩	1014_龍ケ崎	1013_美野里	0318_笠間	0320_古河
檜山地方	1513_米岡	0153_せたな	1200_鶉	0154_今金	47428_江差	0156_潮見	1205_石崎	1199_奥尻
島根県	0706_十種峯	0699_横田	0705_聖山	0697_大田	47755_浜田	0696_大東	0707_津和野	0704_益田	0698_掛合	1322_六日市	1473_西郷岬	1592_吉賀	0693_鹿島	0701_川本	1093_桜江	1095_伯太	1362_原山	1175_波佐	0700_吾妻山	1336_福光	1321_弥栄	0694_斐川	1320_赤名	47741_松江	1094_瑞穂	0692_西ノ島	1307_海士	1310_出雲	1176_匹見	0703_三隅	47740_西郷	0954_佐田	1474_高津
留萌地方	47406_留萌	1216_初山別	1112_古丹別	0025_遠別	1217_達布	47404_羽幌	0024_天塩	0028_増毛	1218_幌糠	1213_焼尻
宗谷地方	1528_声問	1284_宗谷岬	1051_中頓別	1593_幌泊	1656_礼文上泊埼	0005_歌登	0003_浜頓別	1546_礼文	47401_稚内	1573_幌延	1207_船泊	1054_豊富	1285_浜鬼志別	0002_沓形	1512_本泊	47402_北見枝幸	1203_沼川
渡島地方	1462_高松	0144_八雲	47430_函館	0150_汐首	0151_小谷石	1416_蛾眉野	0143_長万部	0152_松前	0145_森	0917_木古内	1265_千軒	1552_知内	0147_川汲	0155_熊石	0146_大沼	1543_戸井泊	0148_北斗
東京都	1522_新島	1648_青ヶ島	0366_八王子	1001_青梅	1595_母島	47678_八丈島	1642_大島臨時	0371_羽田	1509_三宅島阿古	0367_調布	47971_父島	1643_大島泉津	1133_府中	1468_八重見ヶ原	47991_南鳥島	1505_神津島	1525_三宅伊豆	1644_大島差木地	1134_新島	1002_練馬	47677_三宅島	0370_江戸川臨海	1646_利島	1523_神津島	0365_小河内	47675_大島	1467_大島北ノ山	1506_三宅坪田	47662_東京	0368_世田谷	1180_小沢
三重県	47651_津	0501_雲母峰	0503_亀山	0505_笠取山	0990_松阪	0514_熊野	0991_磯部	1349_紀伊長島	1356_白山	0511_藤坂峠	1532_熊野新鹿	47649_上野	0499_北勢	0500_桑名	1258_南伊勢	0510_粥見	1423_御浜	0507_名張	47684_四日市	1230_鳥羽	0508_国見山	0509_小俣	0918_大台	1381_阿児	47663_尾鷲	0513_八幡峠	1255_宮川
鳥取県	1231_塩津	1304_茶屋	1389_江尾	1178_若桜	0711_岩井	1391_鹿野	1519_湖山	0938_日南	47746_鳥取	0714_菅俵原	47744_米子	0717_古峠山	0713_倉吉	0718_智頭	1177_関金	1385_佐治	0715_霊石山	47742_境	0716_大山	0709_青谷
網走・北見・紋別地方	1263_東藻琴	1073_西興部	0082_津別	0077_留辺蘂	0069_遠軽	0075_小清水	0079_美幌	47405_雄武	0074_北見	1092_白滝	47409_網走	0072_生田原	0981_宇登呂	0068_常呂	0083_北見中山	0080_藻琴山	0067_上藻別	1617_山園	1568_津別二又	0081_チミケップ山	0076_斜里	47435_紋別	1460_女満別	0066_滝上	0070_佐呂間	0065_湧別	1209_境野	1569_置戸常元	0078_留辺蘂山	0073_仁頃山	1420_丸瀬布	0063_興部	1487_紋別小向
