宗谷岬	11001	000	10
稚内	11016	000	10
礼文	11046	000	10
声問	11061	000	10
浜鬼志別	11076	000	10
本泊	11091	000	10
沼川	11121	000	10
沓形	11151	000	10
豊富	11176	000	10
浜頓別	11206	000	10
中頓別	11276	000	10
北見枝幸	11291	000	10
歌登	11316	000	10
幌延	13011	000	10
天塩	13061	000	10
遠別	13086	000	10
初山別	13121	000	10
焼尻	13146	000	10
羽幌	13181	000	10
古丹別	13206	000	10
達布	13261	000	10
留萌	13277	000	10
増毛	13311	000	10
幌糠	13321	000	10
中川	12011	000	11
音威子府	12041	000	11
小車	12066	000	11
美深	12141	000	11
名寄	12181	000	11
西風連	12217	000	11
下川	12231	000	11
剣淵	12256	000	11
士別	12261	000	11
朝日	12266	000	11
和寒	12301	000	11
江丹別	12386	000	11
比布	12396	000	11
上川	12411	000	11
旭川	12442	000	11
東川	12451	000	11
瑞穂	12457	000	11
層雲峡	12471	000	11
東神楽	12501	000	11
志比内	12512	000	11
美瑛	12551	000	11
上富良野	12596	000	11
白金	12607	000	11
富良野	12626	000	11
麓郷	12632	000	11
金山	12686	000	11
幾寅	12691	000	11
占冠	12746	000	11
朱鞠内	15041	000	11
幌加内	15076	000	11
浜益	14026	000	12
厚田	14071	000	12
新篠津	14101	000	12
山口	14116	000	12
石狩	14121	000	12
江別	14136	000	12
手稲山	14157	000	12
札幌	14163	000	12
小金湯	14191	000	12
恵庭島松	14206	000	12
支笏湖畔	14286	000	12
千歳	14296	000	12
美国	16026	000	12
神恵内	16061	000	12
余市	16076	000	12
小樽	16091	000	12
赤井川	16126	000	12
共和	16156	000	12
蘭越	16206	000	12
倶知安	16217	000	12
寿都	16252	000	12
ニセコ	16272	000	12
真狩	16281	000	12
喜茂別	16286	000	12
黒松内	16321	000	12
石狩沼田	15116	000	13
深川	15161	000	13
雨竜	15197	000	13
新城	15216	000	13
空知吉野	15231	000	13
滝川	15241	000	13
赤平	15247	000	13
芦別	15251	000	13
浦臼	15276	000	13
月形	15311	000	13
美唄	15321	000	13
岩見沢	15356	000	13
栗沢	15391	000	13
長沼	15431	000	13
夕張	15442	000	13
鹿島	15451	000	13
沼の沢	15491	000	13
雄武	17036	000	14
興部	17076	000	14
西興部	17091	000	14
紋別	17112	000	14
紋別小向	17116	000	14
湧別	17166	000	14
滝上	17196	000	14
上藻別	17211	000	14
常呂	17246	000	14
遠軽	17306	000	14
佐呂間	17316	000	14
網走	17341	000	14
宇登呂	17351	000	14
丸瀬布	17386	000	14
白滝	17482	000	14
生田原	17501	000	14
仁頃山	17512	000	14
北見	17521	000	14
女満別	17531	000	14
東藻琴	17541	000	14
小清水	17546	000	14
斜里	17561	000	14
留辺蘂	17596	000	14
境野	17607	000	14
美幌	17631	000	14
山園	17642	000	14
置戸常元	17686	000	14
津別	17717	000	14
津別二又	17776	000	14
羅臼	18038	000	15
糸櫛別	18091	000	15
標津	18136	000	15
上標津	18161	000	15
中標津	18171	000	15
根室中標津	18174	000	15
別海	18256	000	15
根室	18273	000	15
納沙布	18281	000	15
厚床	18311	000	15
川湯	19021	000	15
弟子屈	19051	000	15
阿寒湖畔	19076	000	15
標茶	19151	000	15
鶴居	19191	000	15
中徹別	19261	000	15
塘路	19281	000	15
茶内原野	19301	000	15
榊町	19311	000	15
阿寒	19346	000	15
鶴丘	19347	000	15
太田	19376	000	15
二俣	19406	000	15
白糠	19416	000	15
釧路	19432	000	15
知方学	19451	000	15
三股	20047	000	16
小利別	20071	000	16
陸別	20146	000	16
ぬかびら源泉郷	20186	000	16
柏倉	20202	000	16
上螺湾	20222	000	16
上士幌	20266	000	16
足寄	20276	000	16
押帯	20331	000	16
本別	20341	000	16
新得	20356	000	16
鹿追	20361	000	16
駒場	20371	000	16
芽室	20421	000	16
帯広	20432	000	16
池田	20441	000	16
留真	20451	000	16
浦幌	20506	000	16
帯広泉	20551	000	16
糠内	20556	000	16
上札内	20601	000	16
更別	20606	000	16
大津	20631	000	16
大樹	20696	000	16
広尾	20751	000	16
安平	21031	000	17
厚真	21111	000	17
穂別	21126	000	17
大滝	21161	000	17
森野	21171	000	17
苫小牧	21187	000	17
大岸	21226	000	17
洞爺湖温泉	21237	000	17
カルルス	21251	000	17
白老	21261	000	17
鵡川	21276	000	17
伊達	21297	000	17
登別	21312	000	17
室蘭	21323	000	17
日高	22036	000	18
仁世宇	22072	000	18
旭	22106	000	18
日高門別	22141	000	18
新和	22156	000	18
笹山	22206	000	18
静内	22241	000	18
三石	22291	000	18
中杵臼	22306	000	18
浦河	22327	000	18
目黒	22356	000	18
幌満	22366	000	18
えりも岬	22391	000	18
長万部	23031	000	19
八雲	23086	000	19
森	23166	000	19
大沼	23191	000	19
川汲	23206	000	19
北斗	23226	000	19
函館	23232	000	19
高松	23281	000	19
戸井泊	23291	000	19
知内	23321	000	19
木古内	23326	000	19
千軒	23356	000	19
松前	23376	000	19
せたな	24041	000	19
今金	24051	000	19
奥尻	24101	000	19
熊石	24141	000	19
米岡	24156	000	19
潮見	24166	000	19
鶉	24201	000	19
江差	24217	000	19
石崎	24236	000	19
大間	31001	000	20
湯野川	31036	000	20
むつ	31111	000	20
小田野沢	31121	000	20
今別	31136	000	20
脇野沢	31156	000	20
市浦	31186	000	20
蟹田	31201	000	20
五所川原	31296	000	20
青森	31312	000	20
大和山	31321	000	20
野辺地	31332	000	20
六ケ所	31336	000	20
鰺ケ沢	31366	000	20
青森大谷	31386	000	20
七戸	31411	000	20
深浦	31436	000	20
岳	31451	000	20
弘前	31461	000	20
黒石	31466	000	20
酸ケ湯	31482	000	20
三沢	31506	000	20
大鰐	31551	000	20
温川	31562	000	20
十和田	31586	000	20
八戸	31602	000	20
碇ケ関	31646	000	20
休屋	31662	000	20
戸来	31671	000	20
三戸	31721	000	20
八森	32056	000	21
藤里	32071	000	21
陣場	32091	000	21
藤原	32096	000	21
能代	32111	000	21
鷹巣	32126	000	21
大館	32136	000	21
鹿角	32146	000	21
脇神	32181	000	21
湯瀬	32206	000	21
八幡平	32266	000	21
男鹿真山	32276	000	21
男鹿	32286	000	21
大潟	32287	000	21
五城目	32296	000	21
阿仁合	32311	000	21
比立内	32312	000	21
桧木内	32376	000	21
秋田	32402	000	21
岩見三内	32407	000	21
仁別	32408	000	21
鎧畑	32426	000	21
田沢湖高原	32431	000	21
雄和	32451	000	21
角館	32466	000	21
田沢湖	32476	000	21
大正寺	32496	000	21
大曲	32551	000	21
本荘	32571	000	21
東由利	32581	000	21
横手	32596	000	21
にかほ	32616	000	21
矢島	32626	000	21
笹子	32681	000	21
湯沢	32691	000	21
東成瀬	32701	000	21
湯の岱	32771	000	21
種市	33006	000	22
軽米	33026	000	22
二戸	33071	000	22
大野	33086	000	22
山形	33136	000	22
久慈	33146	000	22
荒屋	33166	000	22
奥中山	33176	000	22
葛巻	33186	000	22
下戸鎖	33201	000	22
普代	33206	000	22
岩手松尾	33226	000	22
一方井	33231	000	22
好摩	33296	000	22
岩泉	33326	000	22
小本	33336	000	22
葛根田	33351	000	22
滝沢	33361	000	22
薮川	33371	000	22
雫石	33421	000	22
盛岡	33431	000	22
区界	33441	000	22
刈屋	33461	000	22
宮古	33472	000	22
紫波	33501	000	22
川井	33526	000	22
沢内	33561	000	22
豊沢	33566	000	22
花巻	33576	000	22
大迫	33581	000	22
附馬牛	33596	000	22
大槌	33611	000	22
山田	33616	000	22
湯田	33631	000	22
遠野	33671	000	22
新町	33686	000	22
金ヶ崎	33711	000	22
北上	33716	000	22
米里	33726	000	22
釜石	33751	000	22
若柳	33776	000	22
江刺	33781	000	22
住田	33801	000	22
祭畤	33831	000	22
衣川	33841	000	22
大東	33856	000	22
陸前高田	33871	000	22
大船渡	33877	000	22
一関	33911	000	22
千厩	33921	000	22
駒ノ湯	34012	000	23
気仙沼	34026	000	23
鴬沢	34056	000	23
川渡	34096	000	23
築館	34111	000	23
米山	34171	000	23
志津川	34186	000	23
加美	34206	000	23
古川	34216	000	23
桃生	34231	000	23
雄勝	34241	000	23
泉ケ岳	34262	000	23
大衡	34266	000	23
鹿島台	34276	000	23
東松島	34286	000	23
石巻	34292	000	23
女川	34296	000	23
新川	34311	000	23
塩釜	34331	000	23
江ノ島	34361	000	23
仙台	34392	000	23
岩沼	34431	000	23
名取	34436	000	23
白石	34461	000	23
蔵王	34462	000	23
亘理	34471	000	23
丸森	34506	000	23
筆甫	34526	000	23
飛島	35002	000	24
酒田	35052	000	24
上草津	35061	000	24
差首鍋	35071	000	24
浜中	35086	000	24
金山	35116	000	24
鶴岡	35141	000	24
狩川	35146	000	24
新庄	35162	000	24
瀬見	35171	000	24
向町	35176	000	24
櫛引	35201	000	24
肘折	35216	000	24
尾花沢	35231	000	24
鼠ケ関	35246	000	24
荒沢	35256	000	24
村山	35332	000	24
東根	35334	000	24
大井沢	35361	000	24
左沢	35376	000	24
山形	35426	000	24
長井	35456	000	24
上山中山	35466	000	24
小国	35486	000	24
高畠	35511	000	24
中津川	35537	000	24
高峰	35541	000	24
米沢	35552	000	24
茂庭	36056	000	25
梁川	36066	000	25
新地	36081	000	25
桧原	36106	000	25
福島	36126	000	25
相馬	36151	000	25
喜多方	36176	000	25
鷲倉	36196	000	25
飯舘	36221	000	25
原町	36231	000	25
西会津	36251	000	25
猪苗代	36276	000	25
二本松	36291	000	25
津島	36307	000	25
金山	36342	000	25
若松	36361	000	25
船引	36391	000	25
浪江	36411	000	25
只見	36426	000	25
湖南	36461	000	25
郡山	36476	000	25
川内	36501	000	25
富岡	36511	000	25
南郷	36536	000	25
湯本	36562	000	25
長沼	36571	000	25
玉川	36581	000	25
小野新町	36591	000	25
川前	36597	000	25
広野	36611	000	25
田島	36641	000	25
白河	36667	000	25
石川	36676	000	25
桧枝岐	36716	000	25
舘岩	36726	000	25
古殿	36766	000	25
平	36781	000	25
東白川	36821	000	25
山田	36836	000	25
小名浜	36846	000	25
花園	40041	000	26
北茨城	40046	000	26
大子	40061	000	26
徳田	40066	000	26
大能	40076	000	26
高萩	40081	000	26
常陸大宮	40091	000	26
中野	40126	000	26
日立	40136	000	26
門井	40181	000	26
笠間	40191	000	26
水戸	40201	000	26
古河	40221	000	26
下館	40231	000	26
柿岡	40241	000	26
美野里	40251	000	26
下妻	40281	000	26
鉾田	40311	000	26
坂東	40326	000	26
つくば	40336	000	26
土浦	40341	000	26
江戸崎	40391	000	26
鹿嶋	40406	000	26
龍ケ崎	40426	000	26
那須高原	41011	000	27
五十里	41076	000	27
黒磯	41091	000	27
土呂部	41116	000	27
大田原	41141	000	27
奥日光	41166	000	27
今市	41171	000	27
塩谷	41181	000	27
足尾	41211	000	27
高根沢	41241	000	27
那須烏山	41247	000	27
鹿沼	41271	000	27
宇都宮	41277	000	27
葛生	41311	000	27
真岡	41331	000	27
足利	41356	000	27
佐野	41361	000	27
栃木	41371	000	27
小山	41376	000	27
藤原	42046	000	28
みなかみ	42091	000	28
片品	42106	000	28
草津	42121	000	28
沼田	42146	000	28
中之条	42186	000	28
田代	42221	000	28
榛名山	42241	000	28
前橋	42251	000	28
黒保根	42261	000	28
桐生	42266	000	28
上里見	42286	000	28
伊勢崎	42302	000	28
西野牧	42326	000	28
藤岡	42341	000	28
館林	42366	000	28
神流	42396	000	28
寄居	43051	000	29
熊谷	43056	000	29
上吉田	43091	000	29
鴻巣	43121	000	29
久喜	43126	000	29
三峰	43151	000	29
秩父	43156	000	29
浦山	43157	000	29
ときがわ	43162	000	29
鳩山	43171	000	29
飯能	43231	000	29
さいたま	43241	000	29
越谷	43256	000	29
所沢	43266	000	29
小河内	44046	000	30
小沢	44051	000	30
青梅	44056	000	30
練馬	44071	000	30
八王子	44112	000	30
府中	44116	000	30
世田谷	44126	000	30
東京	44132	000	30
江戸川臨海	44136	000	30
羽田	44166	000	30
大島	44172	000	30
大島北ノ山	44173	000	30
大島泉津	44176	000	30
大島差木地	44186	000	30
利島	44191	000	30
新島	44207	000	30
神津島	44216	000	30
三宅島	44226	000	30
三宅坪田	44228	000	30
八重見ヶ原	44262	000	30
八丈島	44263	000	30
父島	44301	000	30
母島	44316	000	30
南鳥島	44356	000	30
青ヶ島	44281	000	30
我孫子	45061	000	31
香取	45081	000	31
東庄	45086	000	31
船橋	45106	000	31
佐倉	45116	000	31
成田	45121	000	31
銚子	45147	000	31
横芝光	45181	000	31
千葉	45212	000	31
茂原	45261	000	31
木更津	45282	000	31
牛久	45291	000	31
坂畑	45326	000	31
大多喜	45331	000	31
鋸南	45346	000	31
鴨川	45361	000	31
勝浦	45371	000	31
館山	45401	000	31
相模湖	46001	000	32
相模原中央	46046	000	32
日吉	46061	000	32
丹沢湖	46076	000	32
海老名	46091	000	32
横浜	46106	000	32
平塚	46136	000	32
辻堂	46141	000	32
箱根	46161	000	32
小田原	46166	000	32
三浦	46211	000	32
野沢温泉	48031	000	33
信濃町	48061	000	33
飯山	48066	000	33
小谷	48097	000	33
白馬	48141	000	33
鬼無里	48146	000	33
長野	48156	000	33
笠岳	48172	000	33
大町	48191	000	33
信州新町	48196	000	33
菅平	48216	000	33
聖高原	48247	000	33
上田	48256	000	33
穂高	48296	000	33
東御	48321	000	33
軽井沢	48331	000	33
上高地	48346	000	33
松本	48361	000	33
松本今井	48363	000	33
鹿教湯	48371	000	33
立科	48381	000	33
佐久	48386	000	33
白樺湖	48436	000	33
奈川	48466	000	33
諏訪	48491	000	33
北相木	48516	000	33
開田高原	48531	000	33
木曽平沢	48541	000	33
辰野	48546	000	33
高遠	48556	000	33
原村	48561	000	33
野辺山	48571	000	33
御嶽山	48601	000	33
王滝大又	48602	000	33
木曽福島	48606	000	33
伊那	48621	000	33
宮田高原	48681	000	33
杉島	48691	000	33
須原	48716	000	33
南木曽	48717	000	33
飯島	48731	000	33
大鹿	48737	000	33
飯田	48767	000	33
浪合	48826	000	33
阿南	48836	000	33
南信濃	48841	000	33
大泉	49036	000	34
乙女湖	49052	000	34
韮崎	49086	000	34
甲府	49142	000	34
勝沼	49151	000	34
大月	49161	000	34
上野原	49172	000	34
富士川	49187	000	34
古関	49196	000	34
切石	49236	000	34
河口湖	49251	000	34
山中	49256	000	34
南部	49316	000	34
富士山	50066	000	34
白糸	50056	000	35
富士山	50066	000	35
井川	50106	000	35
梅ケ島	50111	000	35
御殿場	50136	000	35
富士	50196	000	35
三島	50206	000	35
佐久間	50226	000	35
越木平	50231	000	35
川根本町	50241	000	35
鍵穴	50247	000	35
清水	50261	000	35
網代	50281	000	35
熊	50296	000	35
高根山	50317	000	35
静岡	50331	000	35
三ヶ日	50371	000	35
天竜	50386	000	35
三倉	50391	000	35
土肥	50416	000	35
湯ケ島	50426	000	35
天城山	50427	000	35
浜松	50456	000	35
掛川	50466	000	35
菊川牧之原	50476	000	35
静岡空港	50477	000	35
松崎	50491	000	35
稲取	50506	000	35
磐田	50536	000	35
御前崎	50551	000	35
石廊崎	50561	000	35
一宮	51011	000	36
愛西	51031	000	36
小原	51056	000	36
稲武	51071	000	36
茶臼山	51077	000	36
蟹江	51096	000	36
名古屋	51106	000	36
豊田	51116	000	36
阿蔵	51192	000	36
大府	51216	000	36
岡崎	51226	000	36
作手	51241	000	36
新城	51247	000	36
セントレア	51261	000	36
一色	51271	000	36
蒲郡	51281	000	36
南知多	51311	000	36
豊橋	51331	000	36
伊良湖	51346	000	36
田原	51356	000	36
河合	52041	000	37
神岡	52051	000	37
白川	52081	000	37
栃尾	52111	000	37
御母衣	52131	000	37
清見	52137	000	37
高山	52146	000	37
丹生川	52152	000	37
ひるがの	52173	000	37
六厩	52181	000	37
船山	52192	000	37
宮之前	52196	000	37
長滝	52221	000	37
萩原	52286	000	37
関市板取	52321	000	37
八幡	52331	000	37
宮地	52346	000	37
樽見	52381	000	37
金山	52406	000	37
付知	52421	000	37
美濃	52461	000	37
伽藍	52476	000	37
黒川	52482	000	37
揖斐川	52511	000	37
美濃加茂	52536	000	37
恵那	52556	000	37
中津川	52557	000	37
関ケ原	52571	000	37
大垣	52581	000	37
岐阜	52586	000	37
多治見	52606	000	37
上石津	52641	000	37
北勢	53016	000	38
桑名	53041	000	38
四日市	53061	000	38
亀山	53091	000	38
上野	53112	000	38
笠取山	53121	000	38
津	53133	000	38
名張	53141	000	38
白山	53151	000	38
小俣	53196	000	38
粥見	53231	000	38
鳥羽	53257	000	38
藤坂峠	53287	000	38
南伊勢	53296	000	38
阿児	53307	000	38
宮川	53321	000	38
紀伊長島	53326	000	38
尾鷲	53378	000	38
熊野新鹿	53401	000	38
御浜	53416	000	38
粟島	54011	000	39
弾崎	54041	000	39
高根	54056	000	39
村上	54086	000	39
三面	54097	000	39
相川	54157	000	39
両津	54166	000	39
秋津	54167	000	39
中条	54181	000	39
下関	54191	000	39
新潟	54232	000	39
松浜	54236	000	39
羽茂	54271	000	39
新津	54296	000	39
瓢湖	54301	000	39
赤谷	54311	000	39
巻	54341	000	39
寺泊	54387	000	39
三条	54396	000	39
村松	54406	000	39
津川	54421	000	39
宮寄上	54462	000	39
室谷	54472	000	39
長岡	54501	000	39
栃尾	54506	000	39
柏崎	54541	000	39
守門	54566	000	39
大潟	54586	000	39
小国	54606	000	39
小出	54616	000	39
大湯	54621	000	39
高田	54651	000	39
安塚	54661	000	39
川谷	54666	000	39
松代	54671	000	39
十日町	54676	000	39
糸魚川	54711	000	39
能生	54721	000	39
筒方	54737	000	39
塩沢	54761	000	39
関山	54816	000	39
津南	54836	000	39
湯沢	54841	000	39
平岩	54876	000	39
樽本	54892	000	39
泊	55021	000	40
氷見	55041	000	40
魚津	55056	000	40
宇奈月	55063	000	40
伏木	55091	000	40
富山	55102	000	40
砺波	55141	000	40
秋ヶ島	55151	000	40
大山	55156	000	40
上市	55166	000	40
南砺高宮	55191	000	40
八尾	55206	000	40
立山芦峅	55217	000	40
五箇山	55252	000	40
猪谷	55267	000	40
珠洲	56036	000	41
輪島	56052	000	41
門前	56081	000	41
三井	56093	000	41
志賀	56116	000	41
七尾	56146	000	41
羽咋	56176	000	41
かほく	56186	000	41
宝達志水	56192	000	41
金沢	56227	000	41
医王山	56232	000	41
小松	56276	000	41
白山河内	56286	000	41
加賀菅谷	56301	000	41
白山白峰	56346	000	41
舳倉島	56401	000	41
三国	57001	000	42
春江	57026	000	42
越廼	57051	000	42
福井	57066	000	42
美山	57071	000	42
勝山	57082	000	42
武生	57106	000	42
大野	57121	000	42
九頭竜	57176	000	42
今庄	57206	000	42
敦賀	57248	000	42
美浜	57286	000	42
大飯	57311	000	42
小浜	57317	000	42
柳ケ瀬	60026	000	43
今津	60051	000	43
長浜	60061	000	43
朽木平良	60081	000	43
米原	60102	000	43
南小松	60116	000	43
彦根	60131	000	43
近江八幡	60161	000	43
東近江	60196	000	43
大津	60216	000	43
信楽	60226	000	43
土山	60236	000	43
間人	61001	000	44
峰山	61031	000	44
宮津	61076	000	44
坂浦	61096	000	44
舞鶴	61111	000	44
睦寄	61151	000	44
福知山	61187	000	44
綾部	61191	000	44
三和	61192	000	44
本庄	61201	000	44
美山	61206	000	44
須知	61241	000	44
園部	61242	000	44
京北	61251	000	44
京都	61286	000	44
長岡京	61306	000	44
京田辺	61326	000	44
能勢	62016	000	45
茨木	62037	000	45
枚方	62046	000	45
豊中	62051	000	45
大阪	62078	000	45
生駒山	62081	000	45
堺	62091	000	45
八尾	62096	000	45
関空島	62101	000	45
河内長野	62111	000	45
熊取	62131	000	45
香住	63016	000	46
温泉	63032	000	46
豊岡	63051	000	46
兎和野高原	63071	000	46
大屋	63111	000	46
八鹿	63116	000	46
和田山	63121	000	46
生野	63201	000	46
柏原	63216	000	46
佐用	63241	000	46
一宮	63251	000	46
福崎	63321	000	46
西脇	63331	000	46
後川	63346	000	46
上郡	63366	000	46
姫路	63383	000	46
三田	63411	000	46
三木	63461	000	46
西宮	63477	000	46
家島	63491	000	46
明石	63496	000	46
神戸空港	63517	000	46
神戸	63518	000	46
郡家	63551	000	46
洲本	63576	000	46
南淡	63588	000	46
奈良	64036	000	47
針	64041	000	47
田原本	64056	000	47
曽爾	64076	000	47
葛城	64091	000	47
大宇陀	64101	000	47
五條	64127	000	47
吉野	64136	000	47
天川	64161	000	47
上北山	64206	000	47
風屋	64227	000	47
下北山	64236	000	47
玉置山	64261	000	47
葛城山	65021	000	48
かつらぎ	65026	000	48
友ケ島	65036	000	48
和歌山	65042	000	48
高野山	65061	000	48
湯浅	65106	000	48
清水	65121	000	48
護摩壇山	65127	000	48
龍神	65162	000	48
川辺	65201	000	48
本宮	65226	000	48
栗栖川	65256	000	48
新宮	65276	000	48
南紀白浜	65288	000	48
西川	65306	000	48
色川	65311	000	48
日置川	65321	000	48
潮岬	65356	000	48
上長田	66046	000	49
恩原	66056	000	49
千屋	66091	000	49
富	66112	000	49
奈義	66127	000	49
今岡	66136	000	49
久世	66171	000	49
津山	66186	000	49
新見	66221	000	49
下呰部	66226	000	49
旭西	66237	000	49
赤磐	66251	000	49
陣山	66276	000	49
吉備中央	66287	000	49
福渡	66296	000	49
和気	66306	000	49
高梁	66336	000	49
日応寺	66346	000	49
佐屋	66381	000	49
矢掛	66391	000	49
岡山	66408	000	49
虫明	66421	000	49
倉敷	66446	000	49
笠岡	66481	000	49
玉野	66501	000	49
高野	67016	000	50
道後山	67026	000	50
君田	67052	000	50
三次	67106	000	50
庄原	67116	000	50
東城	67126	000	50
八幡	67136	000	50
大朝	67151	000	50
美土里	67161	000	50
油木	67191	000	50
王泊	67211	000	50
加計	67212	000	50
都志見	67217	000	50
甲田	67231	000	50
上下	67251	000	50
内黒山	67271	000	50
三入	67292	000	50
安宿	67306	000	50
世羅	67316	000	50
府中	67326	000	50
佐伯湯来	67351	000	50
志和	67371	000	50
東広島	67376	000	50
本郷	67386	000	50
福山	67401	000	50
廿日市津田	67421	000	50
広島	67437	000	50
竹原	67461	000	50
生口島	67471	000	50
大竹	67496	000	50
呉	67511	000	50
倉橋	67566	000	50
呉市蒲刈	67576	000	50
鹿島	68091	000	51
斐川	68121	000	51
松江	68132	000	51
出雲	68156	000	51
大東	68166	000	51
伯太	68181	000	51
佐田	68206	000	51
大田	68246	000	51
掛合	68261	000	51
横田	68276	000	51
福光	68286	000	51
赤名	68306	000	51
桜江	68346	000	51
川本	68351	000	51
浜田	68376	000	51
瑞穂	68401	000	51
三隅	68421	000	51
弥栄	68431	000	51
波佐	68436	000	51
高津	68456	000	51
益田	68462	000	51
匹見	68501	000	51
津和野	68516	000	51
吉賀	68541	000	51
西郷	68022	000	51
西郷岬	68046	000	51
海士	68056	000	51
境	69006	000	52
塩津	69021	000	52
青谷	69041	000	52
湖山	69052	000	52
岩井	69061	000	52
米子	69076	000	52
倉吉	69101	000	52
鹿野	69111	000	52
鳥取	69122	000	52
大山	69152	000	52
関金	69161	000	52
佐治	69181	000	52
若桜	69196	000	52
江尾	69222	000	52
智頭	69246	000	52
茶屋	69271	000	52
池田	71066	000	53
穴吹	71087	000	53
徳島	71106	000	53
半田	71136	000	53
京上	71191	000	53
福原旭	71211	000	53
蒲生田	71231	000	53
木頭	71251	000	53
日和佐	71266	000	53
海陽	71291	000	53
竜王山	72176	000	53
内海	72061	000	54
高松	72086	000	54
多度津	72111	000	54
滝宮	72121	000	54
香南	72126	000	54
引田	72146	000	54
財田	72161	000	54
竜王山	72176	000	54
大三島	73001	000	55
玉川	73071	000	55
今治	73076	000	55
西条	73126	000	55
新居浜	73136	000	55
四国中央	73151	000	55
富郷	73152	000	55
松山	73166	000	55
松山南吉田	73168	000	55
上林	73231	000	55
成就社	73247	000	55
長浜	73256	000	55
中山	73271	000	55
久万	73276	000	55
大洲	73306	000	55
獅子越峠	73321	000	55
瀬戸	73341	000	55
八幡浜	73351	000	55
宇和	73406	000	55
宇和島	73442	000	55
近永	73446	000	55
御荘	73516	000	55
本川	74056	000	56
本山	74071	000	56
池川	74101	000	56
繁藤	74126	000	56
大栃	74136	000	56
魚梁瀬	74151	000	56
佐川	74166	000	56
高知	74181	000	56
後免	74187	000	56
南国日章	74188	000	56
船戸	74237	000	56
鳥形山	74238	000	56
安芸	74271	000	56
田野	74276	000	56
梼原	74296	000	56
須崎	74311	000	56
佐喜浜	74336	000	56
窪川	74361	000	56
室戸岬	74372	000	56
江川崎	74381	000	56
大正	74391	000	56
佐賀	74436	000	56
宿毛	74447	000	56
中村	74456	000	56
三崎	74506	000	56
清水	74516	000	56
須佐	81011	000	57
萩	81071	000	57
油谷	81116	000	57
篠生	81141	000	57
徳佐	81151	000	57
羅漢山	81167	000	57
秋吉台	81196	000	57
鹿野	81228	000	57
広瀬	81231	000	57
豊田	81266	000	57
東厚保	81271	000	57
山口	81286	000	57
和田	81301	000	57
岩国	81321	000	57
防府	81371	000	57
下松	81386	000	57
玖珂	81397	000	57
下関	81428	000	57
宇部	81436	000	57
柳井	81481	000	57
安下庄	81486	000	57
小呂島	82036	000	58
宗像	82046	000	58
八幡	82056	000	58
空港北町	82068	000	58
東谷	82097	000	58
行橋	82101	000	58
飯塚	82136	000	58
前原	82171	000	58
福岡	82182	000	58
博多	82186	000	58
太宰府	82191	000	58
添田	82206	000	58
早良脇山	82241	000	58
朝倉	82261	000	58
英彦山	82272	000	58
久留米	82306	000	58
耳納山	82316	000	58
黒木	82317	000	58
柳川	82331	000	58
大牟田	82361	000	58
国見	83021	000	59
中津	83051	000	59
豊後高田	83061	000	59
耶馬渓	83096	000	59
院内	83106	000	59
杵築	83121	000	59
武蔵	83126	000	59
日田	83137	000	59
玖珠	83191	000	59
湯布院	83201	000	59
大分	83216	000	59
佐賀関	83226	000	59
椿ヶ鼻	83242	000	59
臼杵	83286	000	59
犬飼	83341	000	59
竹田	83371	000	59
佐伯	83401	000	59
宇目	83431	000	59
蒲江	83476	000	59
平戸	84171	000	60
松浦	84183	000	60
佐世保	84266	000	60
大瀬戸	84356	000	60
長浦岳	84361	000	60
大村	84371	000	60
諫早	84441	000	60
長崎	84496	000	60
雲仙岳	84519	000	60
島原	84523	000	60
口之津	84561	000	60
野母崎	84596	000	60
鰐浦	84012	000	60
厳原	84072	000	60
美津島	84076	000	60
芦辺	84121	000	60
石田	84122	000	60
小値賀	84236	000	60
頭ヶ島	84286	000	60
有川	84341	000	60
福江	84536	000	60
上大津	84537	000	60
唐津	85033	000	61
北山	85046	000	61
鳥栖	85106	000	61
伊万里	85116	000	61
佐賀	85142	000	61
嬉野	85161	000	61
白石	85166	000	61
川副	85176	000	61
鹿北	86006	000	62
南小国	86066	000	62
岱明	86086	000	62
菊池	86101	000	62
阿蘇乙姫	86111	000	62
熊本	86141	000	62
益城	86146	000	62
阿蘇山	86156	000	62
南阿蘇	86157	000	62
高森	86161	000	62
宇土	86181	000	62
山都	86197	000	62
三角	86216	000	62
甲佐	86236	000	62
松島	86271	000	62
本渡	86316	000	62
八代	86336	000	62
田浦	86396	000	62
山江	86407	000	62
五木	86411	000	62
水俣	86451	000	62
一勝地	86461	000	62
人吉	86467	000	62
上	86477	000	62
多良木	86478	000	62
湯前横谷	86481	000	62
牛深	86491	000	62
高千穂	87041	000	63
古江	87066	000	63
鞍岡	87071	000	63
日之影	87086	000	63
諸塚	87127	000	63
北方	87136	000	63
延岡	87141	000	63
椎葉	87157	000	63
日向	87181	000	63
神門	87206	000	63
西米良	87231	000	63
都農	87251	000	63
高鍋	87292	000	63
加久藤	87301	000	63
西都	87331	000	63
えびの	87346	000	63
小林	87352	000	63
野尻	87361	000	63
国富	87371	000	63
宮崎	87376	000	63
青島	87411	000	63
赤江	87412	000	63
都城	87426	000	63
深瀬	87461	000	63
油津	87492	000	63
串間	87501	000	63
阿久根	88061	000	64
出水	88066	000	64
大口	88081	000	64
紫尾山	88101	000	64
さつま柏原	88107	000	64
中甑	88131	000	64
川内	88151	000	64
溝辺	88166	000	64
八重山	88211	000	64
東市来	88261	000	64
牧之原	88286	000	64
鹿児島	88317	000	64
輝北	88331	000	64
大隅	88341	000	64
加世田	88371	000	64
吉ケ別府	88392	000	64
志布志	88406	000	64
喜入	88432	000	64
鹿屋	88442	000	64
肝付前田	88447	000	64
枕崎	88466	000	64
指宿	88486	000	64
内之浦	88506	000	64
田代	88536	000	64
佐多	88551	000	64
種子島	88612	000	64
中種子	88621	000	64
上中	88666	000	64
屋久島	88686	000	64
尾之間	88706	000	64
中之島	88736	000	64
平島	88746	000	64
諏訪之瀬島	88756	000	64
笠利	88821	000	64
名瀬	88836	000	64
喜界島	88851	000	64
古仁屋	88901	000	64
天城	88931	000	64
伊仙	88956	000	64
沖永良部	88971	000	64
与論島	88986	000	64
小宝島	88776	000	64
宝島	88781	000	64
伊是名	91011	000	65
奥	91021	000	65
国頭	91046	000	65
本部	91066	000	65
東	91081	000	65
粟国	91096	000	65
名護	91107	000	65
読谷	91121	000	65
北原	91141	000	65
久米島	91146	000	65
渡名喜	91151	000	65
胡屋	91161	000	65
宮城島	91166	000	65
渡嘉敷	91181	000	65
那覇	91197	000	65
慶良間	91216	000	65
安次嶺	91236	000	65
糸数	91241	000	65
北大東	92006	000	65
南大東	92011	000	65
旧東	92012	000	65
下地	93012	000	65
宮古島	93041	000	65
鏡原	93042	000	65
城辺	93051	000	65
仲筋	93062	000	65
伊原間	94001	000	65
所野	94011	000	65
与那国島	94017	000	65
川平	94036	000	65
西表島	94062	000	65
石垣島	94081	000	65
盛山	94086	000	65
大原	94101	000	65
波照間	94116	000	65
志多阿原	94121	000	65
